"RelativePath","Bytes","SHA256"
".gitignore","386","EBDE9A693B0F16371D159F16E09068D0439AF0F3940C7C65AEC676D2253C3B0D"
"configs\brpcd_girder.json","587","DD3762644A96AA9DB6669D2F49AF6BC8A17669F628308A21AC9F91CE4016F5D5"
"data\README.md","634","A564EF98F1A2F5D270EEB2BA0A5AF59F8BF6866157F8AD23B9F5163C8ED59C9B"
"docs\CONTROLLED_POINT_LOSS.md","1700","D74662D61C44C1BA3951E11107AC0F333A349AE9EAD5766A723323042FB79ADD"
"docs\DATA.md","1196","21222E41678D14E2A5A613DC4809CA0C24E392334C246C6C59D50BC2C4A6137D"
"docs\EXCLUDED_ASSETS.md","991","310953B18B258F6C28360F18E1A2D95459BCF92BE45AA71B4B962CD45672B52D"
"docs\experiment-logs\EXPERIMENT_TRACKER.md","9677","6976610AA76042443B01F08B418FE3E1790D40EB1001AC8244CFBDDF5CFF9D76"
"docs\experiment-logs\EXTERNAL_BASELINE_V1.md","4589","6373F9A28280C7C875315B66A82039BFE5225219F5B46BA04D2D54B90E85F6A8"
"docs\experiment-logs\GEOMETRY_2D3D_MAINLINE_CHECK_V1.md","6126","6E6495D066ACC1FFE456DD9540EBED0DA5F989FFFD5ECD623C9B87ED51DBFA6D"
"docs\experiment-logs\MAIN_TABLE_RECONCILIATION_V1.md","3673","22362F4D273CFE53A99C5E822042DAE81822F1723D2B6A09CD35AD69E436CF9B"
"docs\experiment-logs\OHEM_STRONG_SUPERVISION_V1.md","5088","67F900801237B3C27626D02F904977984AF182218FE77D265099A1A04C18F0E1"
"docs\experiment-logs\PAIRED_STATISTICS_V1.md","1220","CF28F66A6157BDB72B7837ABA1B3391AA3E69B85B5984BD9BAFD765545EE6C69"
"docs\experiment-logs\POINTNETPP_PILOT_V1.md","3126","2C50B98DD0EF7BB0A55B5CAE12F0A8F0B0F680E998C0C1C842F4BA37CF0DA09C"
"docs\experiment-logs\PROJECTION_SEPARABILITY_V1.md","2212","2279A11CAF301049DC527ADDBCD19E63D74BF03BD48E389FB878EE7EDD404747"
"docs\experiment-logs\SEMANTICBRIDGE_PILOT_V1.md","2095","370253BDB5E7EA4A33F5DB2D104A815B2A758069FDD97CCE5542013B23925FE4"
"docs\LICENSE_STATUS.md","634","154856CF223FE387C3FC0B4F8A121F488DE4CA7AE900002C63DDE4D80B43DCF1"
"docs\REPRODUCIBILITY.md","2272","AF588127D68623F3F6C5B40E0BF392613B8F9EA20BF4AC11298C8D6C3E8E5A4C"
"docs\RESULT_ARTIFACTS.md","1612","611E82A6951B3F3FDDB365FB9FFDC15520F87A05B524397E1408C8E1CD333B05"
"outputs\2D-3D_512_topo1_seed42.json","64435","6EDC85B6116D319B0693D643B6444C69F7D796F29F4ADD6C0B96490520921DF6"
"outputs\2D-3D_512_topo1_seed43.json","64432","B05D61C6F0F029E9ECB82A5B7DDEF091F6F0847BEEEBD4149B47C280576B67E1"
"outputs\2D-3D_512_topo1_seed44.json","64708","B5C675F357C32E51FA9684F905B4F999B94FF2B2CC91674994B74681FBA9A3F0"
"outputs\2D-3D_topo1_512_side_left_seed42_r0.00.json","64509","C2A0D2A2F3DE2642616439D9A2EB07B608E9993A241EA49486F026AFDD872469"
"outputs\2D-3D_topo1_512_side_left_seed42_r0.25.json","64418","199AB79109959AB2549775C640F2BDF70B785748269082CDD919862085DFA90A"
"outputs\2D-3D_topo1_512_side_left_seed42_r0.50.json","63924","6AEA52FEDAB0A82AAF3F154CA2B94C669A65ED6C23C288761B28082877B52A4B"
"outputs\2D-3D_topo1_512_side_left_seed42_r0.75.json","63402","B8A679E4732313357BEF3DC038E35295CE76DB2ECA9AF055D693F5D1686C11A3"
"outputs\2D-3D_topo1_512_side_left_seed42.json","64443","0C9C8F1E3A5A5FE68C7DEF8028D9CACF50D007DCA1823BB54DBB7C1DF6BF3FE8"
"outputs\2D-3D_topo1_512_side_left_seed43_r0.00.json","64428","3276DF7E8B028A0E6A07E1D87C488F20E306404242120D4A5441D6F5A44BBE0A"
"outputs\2D-3D_topo1_512_side_left_seed43_r0.25.json","64502","55F81CE3518BF728B99E53A8FDE833C6042C3DE2A226CA43AC76863BDBE2576A"
"outputs\2D-3D_topo1_512_side_left_seed43_r0.50.json","64190","AF1292B52ED8F4DB5986423E790B6F5C63FC8818A506969F3B860D48D13D689A"
"outputs\2D-3D_topo1_512_side_left_seed43_r0.75.json","63485","1B02AF2A528344E5149E45BF28A5BF4A0112779DB14CB638201DCBE0D837B46B"
"outputs\2D-3D_topo1_512_side_left_seed43.json","64410","80BA8FE36380D0F84880DA28C2B8B1D5D96DF6ECD21EBC5E7FA78EFA4A5786EE"
"outputs\2D-3D_topo1_512_side_left_seed44_r0.00.json","64798","25C23F18F5B34683C3E473B96C48C34041FD09101E6B8E00F7E5E6B23D296682"
"outputs\2D-3D_topo1_512_side_left_seed44_r0.25.json","64793","6A1C61A7ED25748457DD4A652668D87EBDE006FAE8C6A8D55C4B7FC0B129F2AF"
"outputs\2D-3D_topo1_512_side_left_seed44_r0.50.json","64354","3336C35D8E2ED855A03749F65DC903077BFDDC667AD96D66AF816278C8BD562B"
"outputs\2D-3D_topo1_512_side_left_seed44_r0.75.json","63968","BB6798E623B8E4C754D13E89A0BCF65FB156CB4DCEDAD5F00B1FB4CFD71D8143"
"outputs\2D-3D_topo1_512_side_left_seed44.json","64714","45356A1FFC93760A88C4BCB861C78972EDAB84738D1162835EA97AE7F54A2798"
"outputs\2D-3D_topo1_512_side_seed42_r0.00.json","64483","76EC5C2A064F7908DE87326C7CD8FEF03823C6365664B3FF4ED0F144161746DE"
"outputs\2D-3D_topo1_512_side_seed42_r0.25.json","64440","E32C18E5BA4F9629E4FEAA60B0C085011C1C4D69A4E215D63AB01B11A4400E56"
"outputs\2D-3D_topo1_512_side_seed42_r0.50.json","63897","27D1B99909D5E85F361AAF2EC43188DC693951DD864033324F19DB062230958F"
"outputs\2D-3D_topo1_512_side_seed42_r0.75.json","63394","B8638D1BDD7F47EEA086D615F39750F7898477B7FC0F93E748D7DD39FD449A68"
"outputs\2D-3D_topo1_512_side_seed42.json","64417","8EC6C388E0F7B543E83581AC0A96569E47E76694CCB69B25522F121EA5B55E49"
"outputs\2D-3D_topo1_512_side_seed43_r0.00.json","64392","B254331501ED37033553E6D4A179B6D0F894C28086CB8C5D514710391253B4C2"
"outputs\2D-3D_topo1_512_side_seed43_r0.25.json","64533","F9825BDD21C9D93F3190337E9440CB8A10EDE6BAC71684C142712A977B0EFE9D"
"outputs\2D-3D_topo1_512_side_seed43_r0.50.json","64208","A9D7D0C4983865B3802E41B6B25B3798FAE0D844FA9B7D3F7B86560DE10BB129"
"outputs\2D-3D_topo1_512_side_seed43_r0.75.json","63471","91A1236F32C99DE5AB08B4B5F402538355CB17C6B22E7873B162ED03C4752566"
"outputs\2D-3D_topo1_512_side_seed43.json","64390","1DED7114354FC1584D2D0DE8DBD439AB8A6D6E5CA517B85400DAFF111B9F7EDB"
"outputs\2D-3D_topo1_512_side_seed44_r0.00.json","64802","5B1B5AEC77ECBA08FE9CC150628EDD3D75019E2E370C9D973CFAA0C1E25873FA"
"outputs\2D-3D_topo1_512_side_seed44_r0.25.json","64801","ED4B05688ECC99A239420AC63C0E1EFDA827FAD5026F368890DB7330CE57729D"
"outputs\2D-3D_topo1_512_side_seed44_r0.50.json","64343","E1387B9D54D46B8EE8FFBBC4E74BB0543600E98A82A756FE26149C0FF58347E0"
"outputs\2D-3D_topo1_512_side_seed44_r0.75.json","64027","D01AC29FAF10AAF7799477304902ED60748A82F26F1667BE4224D2CC7AB36AB7"
"outputs\2D-3D_topo1_512_side_seed44.json","64700","6CF2C9BC2ED1E19B45D93B2ABE6F49C591C46C8690F56A0122BE27137C949B1A"
"outputs\桥梁点云分割_导师讨论框架.docx","48438","45A4409A14A15C21A51AB4393B36A29E6C2EE098654C4790101B759E67E66EF5"
"outputs\桥梁点云分割_导师讨论框架.md","15999","D859774ACE26E40E0CBDFB6B4E74D1878E05FB75909B0322A831512CADF7D488"
"outputs\桥梁点云分割_导师讨论框架.pdf","595612","67188E633B88571EEDF772E7633D4C275A832E4D3C9036FC195B2D331CA382E2"
"outputs\aligned_fusion_perclass_v1.md","1367","0242799970CB7337562E209C9B3BC5B73476A11EF07AEFDD4EAF59E82DCABFF7"
"outputs\aligned_fusion_table_v1.md","2390","96AC1664C6FBC88CCBF9AF317984A2467E46D2B2D2B9AF022A5B447085E8590B"
"outputs\aligned_fusion_weight_sensitivity_v1.md","1391","EE7FEAF2C0445688C8E16CDE2EC4297E94783F3820455E56334399F253DC97B0"
"outputs\block_paired_statistics_v1.json","11981","D79D2644D400556C3A3DCCA72A6828EA2FA5CCC69BCBE80D9CB5323986A341B8"
"outputs\block_paired_statistics_v1.md","1506","FEFC5856ACA6F717A6CBF4EA1239F1AD28BBE3E697BD622EEE86F02EF2016E6D"
"outputs\bridge-pointcloud-2d3d-fusion-paper-skill-v1.zip","9558","BC2D35426F657D91D1B6AA6E7DD60FE7B81DE17AEF7AC66CFB4E7C1933C2D395"
"outputs\bridge-pointcloud-2d3d-fusion-paper-skill-v2.zip","9774","CF042AC98314073EF2F063E9C2A308AD38DC04FCA6CBFCFCD286A345AD59FE24"
"outputs\bridge-pointcloud-2d3d-fusion-paper-skill-v3.zip","9808","65E32233FA7E420253D713741D8A75C5F984AB92C8CD09707DF1CF4D1F76C873"
"outputs\BridgeNetv2_external_baseline_summary_zh.md","2682","08318D6F8684091547D132769F28B6AD68ACA377569D081ED50EF55F35847E5D"
"outputs\BridgeNetv2外部基线总结.md","2682","08318D6F8684091547D132769F28B6AD68ACA377569D081ED50EF55F35847E5D"
"outputs\coverage_penalty_brpcd_seed42.json","3411","8BF6D3641A993E257A83CB71B9DD328D7ADD45752A7F8A8547CE46B3FA093CDB"
"outputs\coverage_penalty_brpcd_seed43.json","3422","39A8AC3E4A39DD84A52FDB0E8342B3D02E623494006255039BE26A2292532551"
"outputs\coverage_penalty_brpcd_seed44.json","3419","ADAC871335F302A40E2CB2BCAA6B0C75D9FA80D69EE4A35F9CAE7FCEBBAED8F5"
"outputs\coverage_penalty_semanticbridge_seed42.json","3223","AA49CFBD3E6FFB6102EA898F93257FF490B3A6EF21A7BC0B160F6EC52CA4F642"
"outputs\coverage_penalty_semanticbridge_seed43.json","3239","4AD6B029D2B9D5E23974E6E6D1438FD7A780644196DCFE1B48DF0D304A3531AE"
"outputs\coverage_penalty_semanticbridge_seed44.json","3069","4CA2A2B9415165443A45D504FA56C2D8BC2F4064229479587B55AD14D947F47D"
"outputs\coverage_penalty_table_v1.json","4520","1DF2B7B816F05470FE7D4117D19356DB93F6BC088A24D039C9A4F060843305FB"
"outputs\coverage_penalty_table_v1.md","1868","82DD88CC38C5A7302705D0BD6D315BA592AF8E67130CC8573444945AEB008183"
"outputs\EXTERNAL_BASELINE_V1.md","4589","6373F9A28280C7C875315B66A82039BFE5225219F5B46BA04D2D54B90E85F6A8"
"outputs\fig5_case_metrics_v1.json","2499492","B2D5FCDC02A8740774663DBC4517F3D3EE5AC53E570153C61BF51E9884438487"
"outputs\figures\fig1_method_overview.pdf","26439","2CC72E9D7E7DCF970B2E486F78C6B2F1723F2DB46A7A6E96725FE628C9EE3F93"
"outputs\figures\fig1_method_overview.png","192384","37B7D9385E49F038D341EF3DCC84BF7A83E079FD8F3CEA740EF97066B0D4E8BB"
"outputs\figures\fig1_method_overview.svg","86716","C345B17ED4C046EC3A292D9FF86EF0072691C7D57635EF02CE1937A9ED0A1CF3"
"outputs\figures\fig2_brpcd_curves.pdf","19410","545430A0932F09CD2CEEFBEB2EB5DEDCD035A6BBD85A06DDFF988D653C51708E"
"outputs\figures\fig2_brpcd_curves.png","127939","30646F5B93B782A19B4BDAB386354D7FBCC6F394F47ADF9058692819CAB09E61"
"outputs\figures\fig3_per_class_iou.pdf","19164","C0D44663CBD750F3F543A7631A5B80CA5903A2D36B14268C4C78C4A7C23FAB93"
"outputs\figures\fig3_per_class_iou.png","193385","9271DC685076D8DA8150DD34FF352F2B5796B909767608C40AC3C68164ABC797"
"outputs\figures\fig4_semanticbridge_curves.pdf","21010","D25FE13D85076A4913A9485E9CCD65199C064C53493316B4D9591AB02F334D35"
"outputs\figures\fig4_semanticbridge_curves.png","173884","7DB839877648999120C534B657B03F56D0931E473A009D49C3EC5933FE154B98"
"outputs\figures\fig5_cases.pdf","421546","E9161C3AD0F0911AD11A6AF3E2C89E8098FC5EE99A7D0A76A6F62452BF8328DA"
"outputs\figures\fig5_cases.png","567556","5A013C4D7132AA47BB73AE2B36BFCD199A63A67ED7D0D40E7E8F9A8B5A97E937"
"outputs\figures\paper_plot_style.py","2001","91BBC301F76AEF4F4F8365CA7C92D02C1EEAB81BEE1C684C7A291B7BB3B6D286"
"outputs\figures\specs\fig1_method_overview.json","4587","D6F94DCC164F74A12DCFF98743055D17447E43F0441ADF3F844736770634EE4F"
"outputs\fusion_topo1_2D-3D_topo1_512_side_left_seed42.log","1203","23B46A929E3C8D7C12435484F3DDBA6ADB254D9EC7B42AFD8235F133D7CAA962"
"outputs\fusion_topo1_2D-3D_topo1_512_side_left_seed43.log","1202","E11653CBF9CFDEC2110CB95FB27832EB83F1F4E61F966E21B0115F402D424AD2"
"outputs\fusion_topo1_2D-3D_topo1_512_side_left_seed44.log","1203","10B13E5E2964D12798970C71C9D3E006768FC103637BFF33BC3AC52C3EA2D847"
"outputs\fusion_topo1_2D-3D_topo1_512_side_seed42.log","1178","9242A046C6C3E8ED24A0522F9BDF48F29803F74AFC2F03479FB3E047539FDD6A"
"outputs\fusion_topo1_2D-3D_topo1_512_side_seed43.log","1179","919CF53D28D30773A97E4E55CE243DFE4DFC4255CAFAC561CD02CCF4BCD65578"
"outputs\fusion_topo1_2D-3D_topo1_512_side_seed44.log","1179","C29631D60A11431A09B0E7DA1A0ECEDBAFB617197300AFF5B3D141A097FE8038"
"outputs\fusion_topo1_42.log","1210","FC8499999258271D231F70082B98C892A9D7FF6440113FC1766AA2BFA9EFDFDA"
"outputs\fusion_topo1_43.log","1210","B1BA4097AD93E4B36665D4A517ACCCCB600A6037BDBD87328508EA32B300514C"
"outputs\fusion_topo1_44.log","1210","F884816C54831D591258D02E1709BD63780BBBD935415ACB0385DC54553A759D"
"outputs\JOURNAL_TARGETING_AEI_JCCE.md","7181","B72B577D3F71E8747528FEA24CFD651719708CB28480437308BB895497B17120"
"outputs\main_table_v1.csv","26924","9473B534A1563E7798B6BF7E9527001831C6262C1BF802918B1443E23B721D4E"
"outputs\main_table_v1.json","49329","9D3A643C045265486F4790B0B8458D29A3D0D6F25B2AAEC6929A270EAA271F34"
"outputs\main_table_v1.md","7749","C0F1D82FF7D66654AAE80EB12B959906801151E18788D2EEBAED1F3114BAD9FE"
"outputs\manuscript_v1.aux","9096","EACAE1692F85E72FC4A90F18521E5C8D4282B511D3B2F426955BC7DF31813C97"
"outputs\manuscript_v1.log","19578","44211797C96B68104B3D3DCFB966067C5C79C2204925BDD48AC73F8EBFB61251"
"outputs\manuscript_v1.md","18583","97DC5C351A8E92ACEB76A39CA3C71D06BD9AE101A6FA292D26A0C804DD0A82ED"
"outputs\manuscript_v1.out","4890","56909C9E4549D0F2FBDF7059292E3745E3973F76FD3C5CBD898F564FC801AABB"
"outputs\manuscript_v1.pdf","361046","5E4748A22448F5771785FF1CAD823D9AABBE74D7DC74874F43A9887A9560AA4C"
"outputs\manuscript_v1.tex","23750","128E7840D32EA97E84D6EB423FA9B91D5D6DD91704206C2AF6B0F7DE3B253AE5"
"outputs\PAPER_V1_BLUEPRINT_CN.md","5789","7ABEF366FB5A8E4DE879F1154D35E3A18BCCE5CC9DCAC4617D8184B3CFEFFE10"
"outputs\PAPER_V2_AEI_EN_REVIEW.md","2275","B061F282E830E7968CDFA8C7A187CD606BF521092A21863F26021D82F3C9737B"
"outputs\PAPER_V2_AEI_EN.md","52484","6A253032FC29D476A1635760D85B066A61BF588241F6CE8715FC7D9E3329F61C"
"outputs\PAPER_V2_CN.md","61517","3673B414C8F5578F8966A5F9A58BA8AFECC75D0059611AD813B21A118D4C3AA6"
"outputs\REMAINING_WORK_CN.md","7028","3EB54BFDD4094F0FB59E3EC614C435F4EC321FF04B21035777B0973AAE8374B6"
"outputs\semanticbridge_external_table_v1.json","10822","CEFF6E77E673954C87AFE175099163D0EBBBACB4BB6D19FB9BC002DB885E6D90"
"outputs\semanticbridge_external_table_v1.md","3615","471D9DB021C3E8AE5D23FCCDB59D640BB5AC0350A831B0684A03355C6B76BF37"
"outputs\SKILL_PACKAGE_INFO_CN.md","2194","ADBBAF1BFAEBFF8D78909C4C34BD8F96D60706305BF6FFA2D45981E901D487F1"
"outputs\sweep_side_42_0.00.log","1246","0F4AB76AB9CD599D82DD0495C3EEDEDB0A644D98EBAFE831A1D2993A7092C26B"
"outputs\sweep_side_42_0.25.log","1245","D215824C70D5FFF5D849EFF974626FDDB59BDF481BCB35B768FF6FED4BF5BB04"
"outputs\sweep_side_42_0.50.log","1247","D9A55491B0E9EFFF605CA15AD1A811A9935E3F702334D75646AF40AE3B5900F0"
"outputs\sweep_side_42_0.75.log","1246","3F6900F779791B0EDEC9D56A02264DCF4467182A7C70502F6A42B21A9A63B63A"
"outputs\sweep_side_43_0.00.log","1247","7534548C2B00FEC1677E03ED0D5679046E73E48B13FAB3C139B0F733A9025729"
"outputs\sweep_side_43_0.25.log","1247","13815C73F7171C54DB9C6F47A0511B429E3448CC0007A97A9E9D6BABEA262D37"
"outputs\sweep_side_43_0.50.log","1248","A21B5CC50EDEB7EE0577D34E15C485DFD44130576907192EBBA437EA61DB091F"
"outputs\sweep_side_43_0.75.log","1245","32E7286ADBAE0982A0779D444315B908CA98BE96B34932ADD552780C4A864B1D"
"outputs\sweep_side_44_0.00.log","1247","E84304A0475EC26FC4CF76DE5A1082D7E25EEF0A9A23C75366D12B9F504896B6"
"outputs\sweep_side_44_0.25.log","1249","5BE2829C7871698CAA7B19F24A37E30AF7B45D9EEA82913323C683F7FE6406F3"
"outputs\sweep_side_44_0.50.log","1245","8181BCD2A7766B5F01933760AD9F096DFAE4096E6ED88E64498E695C82946446"
"outputs\sweep_side_44_0.75.log","1245","081D4642B27614D1008BB7329323BE08A5EBF6A4EB73FF127918BFD442712765"
"outputs\sweep_side_left_42_0.00.log","1271","71154FACF18B7F3F939F5330C6BD1326C75CEB2DCD03C1221A42A485F21B4715"
"outputs\sweep_side_left_42_0.25.log","1268","88DE3741EE94F6C0342CC05B1EE6E300E8CC427D337D74174A507979527C051E"
"outputs\sweep_side_left_42_0.50.log","1266","92909DBA7661F26EC212999FCF8199B612575D134F8EB1B69E0FD2388246BC05"
"outputs\sweep_side_left_42_0.75.log","1268","3E95EFFDBC8F60E5F70957163D8131A359541C23A6F5099DC3ACF3DC9884B5F0"
"outputs\sweep_side_left_43_0.00.log","1270","9187B6AC7F4B4A77259952F5F1B6A02945064A048322BCFB1583803D30FB8AE7"
"outputs\sweep_side_left_43_0.25.log","1271","E2DB4E7696C1E4363C7A20362664D959EB82DDD74A225DD814CDD4C554B4D922"
"outputs\sweep_side_left_43_0.50.log","1270","0A4CAD29B666C252BEE171E67D3EFD58BCC2D41356E1580DD864F6533A895E37"
"outputs\sweep_side_left_43_0.75.log","1270","6AD8BBD4A54FBDBCD388F9A2D0D068B0DF08373497AE26E699D5F6B414AA99DA"
"outputs\sweep_side_left_44_0.00.log","1271","C92F56F02EC758C71316D3DFD2F52FB2DF85BF351F9ACE2DABD7BD4C4A5884A3"
"outputs\sweep_side_left_44_0.25.log","1273","07E1D79549489D256B03AC836D69E4FB6FCA8E17C2F60DEC416A0A8846CDB0E2"
"outputs\sweep_side_left_44_0.50.log","1268","F5E383C4F829513918A62672718B6D1F01DDE6027DB9900D368ED00C1BE91818"
"outputs\sweep_side_left_44_0.75.log","1271","C211827014E380415E1FD0F250E0800D0A8167E6ED221BF9CAFC44689571BAB8"
"outputs\sweep2_side_42_0.00.log","1246","0F4AB76AB9CD599D82DD0495C3EEDEDB0A644D98EBAFE831A1D2993A7092C26B"
"outputs\sweep2_side_42_0.25.log","1245","D215824C70D5FFF5D849EFF974626FDDB59BDF481BCB35B768FF6FED4BF5BB04"
"outputs\sweep2_side_42_0.50.log","1247","D9A55491B0E9EFFF605CA15AD1A811A9935E3F702334D75646AF40AE3B5900F0"
"outputs\sweep2_side_42_0.75.log","1246","3F6900F779791B0EDEC9D56A02264DCF4467182A7C70502F6A42B21A9A63B63A"
"outputs\sweep2_side_43_0.00.log","1248","BE2F267DF7872349D21B8785EF9451A4A0A7B508C666EF6EE72803E0C19D17F6"
"outputs\sweep2_side_43_0.25.log","1251","61C3E07F597D7AECB11C43E8CE26376C51AE432B04390A886B29E81231090459"
"outputs\sweep2_side_43_0.50.log","1248","895D2E63E8A5A6C5094F66DE79271CD95871A094E5BCEA9EA8CFB54F58A8FAAF"
"outputs\sweep2_side_43_0.75.log","1243","AD7C92C4570FF88A2B9FCDAFA8CC2ED5FFECAA553D41EBB004A9BA2A0DEAD9A1"
"outputs\sweep2_side_44_0.00.log","1246","4BBE91679109525BAE4FB0F228D642DB3BBCAC0E95DED192C99C2E1344B47A8A"
"outputs\sweep2_side_44_0.25.log","1250","A9E4C2D05367B51547CCFA320DEF5CF5B598C773FDAB387D73F2126E3DA7D97E"
"outputs\sweep2_side_44_0.50.log","1249","81D2FBA45625221B8E31C272AAA3650B0F24BB0D6BA0853595049B3E82A24E45"
"outputs\sweep2_side_44_0.75.log","1244","2911D445251EADADC816B88BAB6B8E4ADCDA8EE70CDE623B057EFC6BC2714B15"
"outputs\sweep2_side_left_42_0.00.log","1271","71154FACF18B7F3F939F5330C6BD1326C75CEB2DCD03C1221A42A485F21B4715"
"outputs\sweep2_side_left_42_0.25.log","1268","88DE3741EE94F6C0342CC05B1EE6E300E8CC427D337D74174A507979527C051E"
"outputs\sweep2_side_left_42_0.50.log","1266","92909DBA7661F26EC212999FCF8199B612575D134F8EB1B69E0FD2388246BC05"
"outputs\sweep2_side_left_42_0.75.log","1268","3E95EFFDBC8F60E5F70957163D8131A359541C23A6F5099DC3ACF3DC9884B5F0"
"outputs\sweep2_side_left_43_0.00.log","1271","AEF247EB653AB0BD933779A19E1E84DE32C688DDCE8BFE1ED0214E4EFFA34BF1"
"outputs\sweep2_side_left_43_0.25.log","1271","AD426DD4B621D7554E1D98D4F28AE9408387CDBA76BB28013576E3519DACE3A5"
"outputs\sweep2_side_left_43_0.50.log","1270","5B2F6FF502F524D16A6631FD53D405F42E7C947F61E378DF890FDF7B23B7014D"
"outputs\sweep2_side_left_43_0.75.log","1269","F82EBA3263ACEE303200EF7E9AA3062B97FEE7003DAB6662142BFFE6069F987A"
"outputs\sweep2_side_left_44_0.00.log","1271","6828844B923C14E0B7EE9839660FFE00663F2F0D3D28E2E90A64C5743B9A5C09"
"outputs\sweep2_side_left_44_0.25.log","1270","B54400F64B079DDD4A40CD16A248738B1BDC1A5C4964FCC03D2ABD6D88DB833D"
"outputs\sweep2_side_left_44_0.50.log","1270","5FABACF237AB525CF15B2E42CCD11E2614F695FEE02B75E28AC6B2180BCE8D89"
"outputs\sweep2_side_left_44_0.75.log","1270","745C04A33074A3D94B0BE7B4DD1EF7DD98F31A8CE825A0F7CD77A14282492AC1"
"PAPER_PLAN_V3.md","9553","FF42CC8C023CD39E00D58D7D34082612268D06C22B174D47CF716912E7489C24"
"pyproject.toml","424","4232F0E5311D84F48A3C1643CDA98AD7FA0350F9EAEC6C18D71D08435E790401"
"README.md","6791","91E95B99ABBAE2B5F2B9EE3C777D989E2A4ECEB0858DEE92AC2B8B4668E81040"
"requirements.txt","124","67DE7D5720CE27814130DBB580C1D2B16BACA79285AEBA89406C3E3BBA56A890"
"results\raw\aligned_fusion\2D-3D_aligned_512_side_left_seed42_r0.25.json","64564","1842C0F3DE3C6E99770459D551D96DCF06C096D704545F66DD6245EFECEF00D8"
"results\raw\aligned_fusion\2D-3D_aligned_512_side_left_seed42_r0.5.json","64130","54E3128E7FD9A0F27F3D2F8FE1644C6F28B66AE761A5379AD89291D6B1D7B657"
"results\raw\aligned_fusion\2D-3D_aligned_512_side_left_seed42_r0.75.json","63540","7C93F621AFF86A7275891FF988ECC0DA26AFBFB62BBBFC4BEE0899BE4A0D456C"
"results\raw\aligned_fusion\2D-3D_aligned_512_side_left_seed42_r0.json","64650","71CDFDA99AD564F5C0581A3876641A93DF805BD25695EEE27F7872C682627C11"
"results\raw\aligned_fusion\2D-3D_aligned_512_side_left_seed43_r0.25.json","64623","2C311224165BD41F3EEB9FCDA583B9C1709651F1323DF95E0305007464D2917B"
"results\raw\aligned_fusion\2D-3D_aligned_512_side_left_seed43_r0.5.json","64362","629D5F4668EF398FE269DDE5253D6D751E10639ACB4294BFC482D3FBB45B3FD0"
"results\raw\aligned_fusion\2D-3D_aligned_512_side_left_seed43_r0.75.json","63604","EB265F6FFF46877F1689A8D8C90D578C81E2C8C983E7E7FA7DD4F6EE5000CE95"
"results\raw\aligned_fusion\2D-3D_aligned_512_side_left_seed43_r0.json","64514","B56056D43F46BC960D639D95D5B299BB9318AF83D0ADC3AF4674375DEDC03086"
"results\raw\aligned_fusion\2D-3D_aligned_512_side_left_seed44_r0.25.json","64903","E5AF75B920E3960F4C277D1C03FFC86E3B7000E4B22CFAC476A74F35C45120A1"
"results\raw\aligned_fusion\2D-3D_aligned_512_side_left_seed44_r0.5.json","64482","5640F7B244A8C8E98AAE8ADABFA285857BC53302BBD7E171B511BA86E94B5B3F"
"results\raw\aligned_fusion\2D-3D_aligned_512_side_left_seed44_r0.75.json","64052","0B91D2AF0482046FDAF2B0C12776115404666063DC1964E19D75915D94F6AB6D"
"results\raw\aligned_fusion\2D-3D_aligned_512_side_left_seed44_r0.json","64896","ECA5B7A8B4B0060AB0CD1FE3C3B4D43E879870AC85656DB4E266A38B42D0794E"
"results\raw\aligned_fusion\2D-3D_aligned_512_side_seed42_r0.25.json","64569","319D42C93028007FD03EFE7A8EC31CE37A41105FFD7BA78CC6DD90B1103467DD"
"results\raw\aligned_fusion\2D-3D_aligned_512_side_seed42_r0.5.json","64064","F3189D4D8EFA40C1ED61FF075972560D38A1B9879A218E46FFBA5DB404395F61"
"results\raw\aligned_fusion\2D-3D_aligned_512_side_seed42_r0.75.json","63536","F1555788C4D1EFE329E575EC77245F54E8E780DC755291D90536CD6E2A9F4C58"
"results\raw\aligned_fusion\2D-3D_aligned_512_side_seed42_r0.json","64601","FFE1CDEAD6E401681F983092B76378EFA8DA8CFC7127BAEA2865FD80173A8D16"
"results\raw\aligned_fusion\2D-3D_aligned_512_side_seed43_r0.25.json","64639","25453EB37705E2D2EDC9B553AE013C365DDDEA5AA5F5D883945B763FC62C7075"
"results\raw\aligned_fusion\2D-3D_aligned_512_side_seed43_r0.5.json","64352","977749306F952EA309A7070B4ED27598C5390F06E63AD0A3DBAD3980398A1348"
"results\raw\aligned_fusion\2D-3D_aligned_512_side_seed43_r0.75.json","63649","388A3298608EB2D8E4469BBB45BEFC3F4110F28AFF3FF50D94FB88855A461D45"
"results\raw\aligned_fusion\2D-3D_aligned_512_side_seed43_r0.json","64496","08FBAC6B448152EE2775A17E71F290856C091822BDF0F90F753A6048B2967D7A"
"results\raw\aligned_fusion\2D-3D_aligned_512_side_seed44_r0.25.json","64925","52986BF435C0E5870704A158C6623AE771BB30999888AE32DCF6952E63A57931"
"results\raw\aligned_fusion\2D-3D_aligned_512_side_seed44_r0.5.json","64420","79DECB9A05A4DDEE37F360C4653FCA44C12704933F439027EF27A2310CBB16D3"
"results\raw\aligned_fusion\2D-3D_aligned_512_side_seed44_r0.75.json","64092","63CC9644CB583D1CC968C70539A3632683719501D1BCEE88B3362CE6C51E1B2A"
"results\raw\aligned_fusion\2D-3D_aligned_512_side_seed44_r0.json","64889","8102DE4E15BB0D466F49D5F9036897FFC13C6784E26598AE7904144413E5E63E"
"results\raw\aligned_fusion\2D-3D_aligned512_w01_side_left_seed42_r0.25.json","64575","6214B054BA0CA9A24BE4B562A74DF35DE4E8AD35D5BE01B112107FA5B24FA35E"
"results\raw\aligned_fusion\2D-3D_aligned512_w01_side_left_seed42_r0.5.json","64104","5D494F570193C70BB849CCAEDCAF7807C3BDFCA222A17DEA691960B37AB5834D"
"results\raw\aligned_fusion\2D-3D_aligned512_w01_side_left_seed42_r0.75.json","63511","84F14D8B669C0BE74734252F25182500F7A17782F120D0A80B4562826979D9BE"
"results\raw\aligned_fusion\2D-3D_aligned512_w01_side_left_seed42_r0.json","64628","19CC14B832C6189DA7C69C2D3E5307B311F27DF9B8062DB43281FD301EC4866D"
"results\raw\aligned_fusion\2D-3D_aligned512_w10_side_left_seed42_r0.25.json","64596","9592C0C9C760D41C6096F2DA7160EA1E6A1B22F5EEDB2BDDE4D3EF90C4305B97"
"results\raw\aligned_fusion\2D-3D_aligned512_w10_side_left_seed42_r0.5.json","64126","38357E945337CF091B52A6721AB4558C82A5E96A2C6E9D4EAF1C966CFDDF81A4"
"results\raw\aligned_fusion\2D-3D_aligned512_w10_side_left_seed42_r0.75.json","63560","6E566096EB14BA1A780AC2F9446A95DC6BF296B7313B8AD9FB024001636267E0"
"results\raw\aligned_fusion\2D-3D_aligned512_w10_side_left_seed42_r0.json","64601","467F4310E9E4E921CBD6EE0219A39F82214F9ED998149A54C6B8B11213154F79"
"results\raw\block_statistics_v1.json","10574069","F1AD2C7A1698239F06A557F21A25F92F49680E920D7AC127A5997FE0CE082D68"
"results\raw\coverage_penalty_brpcd_seed42.json","3411","8BF6D3641A993E257A83CB71B9DD328D7ADD45752A7F8A8547CE46B3FA093CDB"
"results\raw\coverage_penalty_brpcd_seed43.json","3422","39A8AC3E4A39DD84A52FDB0E8342B3D02E623494006255039BE26A2292532551"
"results\raw\coverage_penalty_brpcd_seed44.json","3419","ADAC871335F302A40E2CB2BCAA6B0C75D9FA80D69EE4A35F9CAE7FCEBBAED8F5"
"results\raw\coverage_penalty_semanticbridge_seed42.json","3223","AA49CFBD3E6FFB6102EA898F93257FF490B3A6EF21A7BC0B160F6EC52CA4F642"
"results\raw\coverage_penalty_semanticbridge_seed43.json","3239","4AD6B029D2B9D5E23974E6E6D1438FD7A780644196DCFE1B48DF0D304A3531AE"
"results\raw\coverage_penalty_semanticbridge_seed44.json","3069","4CA2A2B9415165443A45D504FA56C2D8BC2F4064229479587B55AD14D947F47D"
"results\raw\fig5_case_data_v1.npz","106168","5AD3FA835C2F400E280F98557EC85DA6723A3E734C4EBAE465C15412FA2500B6"
"results\raw\pointnetpp_pilot_analysis.json","28300","FB1B93E4C6E75969C9CC1F1D1A2246BC2B2227EB237AF40D95C9C6F96A251CD1"
"results\raw\semanticbridge_fusion\sb_aligned_side_left_seed42_r0.00.json","39142","1AD2BE920BAC0E3C0D5F72330CC3B10BF394E7D5464335D94FF274887B7C2650"
"results\raw\semanticbridge_fusion\sb_aligned_side_left_seed42_r0.25.json","39104","2386BEEE35684ADA4183D9509FD9494FDB19926914E7160146A3ECDBE31FA814"
"results\raw\semanticbridge_fusion\sb_aligned_side_left_seed42_r0.50.json","38956","D0A8505842AE607E921639BB57CFCDE9D37DDC8482060790000F4F2BF3FCDC8D"
"results\raw\semanticbridge_fusion\sb_aligned_side_left_seed42_r0.75.json","38712","4E010D409D7EC3A07187D9E169220122756A4958EA3835049D932B4BCA684764"
"results\raw\semanticbridge_fusion\sb_aligned_side_left_seed43_r0.00.json","39184","548DAF21AE44010DA7AEDA3D02B42B0FCC55BF546E18D7411CD6171234416C64"
"results\raw\semanticbridge_fusion\sb_aligned_side_left_seed43_r0.25.json","39142","C32ABB4A6AD58C210FD416DFE117E235D784C615EE39FCCD0A54C9A403624A90"
"results\raw\semanticbridge_fusion\sb_aligned_side_left_seed43_r0.50.json","38973","D4C9D9BC3D66E12CC6A7930ED545DC68C8EC5D9D7CA70788A364E55E0677770E"
"results\raw\semanticbridge_fusion\sb_aligned_side_left_seed43_r0.75.json","38741","138B110BCC9B55755233C6BF8532EDC63D7FF07216FDC87E4D1314315BC79BFD"
"results\raw\semanticbridge_fusion\sb_aligned_side_left_seed44_r0.00.json","38791","A0447C43184119E4144E6240F97060FDB7088B50B12DBF1B97BC8F6786C6D1A6"
"results\raw\semanticbridge_fusion\sb_aligned_side_left_seed44_r0.25.json","38861","DC7D8A691FDCA9393C0AF2C2EC42872C069CCDB99CA51916F79532A5F6A83866"
"results\raw\semanticbridge_fusion\sb_aligned_side_left_seed44_r0.50.json","38649","B7A4EB4F3364D6710DE6754F0EEDECCC324E3B52F686E7CC223CBF9B1AD68C7B"
"results\raw\semanticbridge_fusion\sb_aligned_side_left_seed44_r0.75.json","38481","5F5866368BCB351E9F98CE64E39EB130B45586927F5AE228F2EEB5228C9CAD76"
"results\raw\semanticbridge_fusion\sb_aligned_side_seed42_r0.00.json","39216","7D50F8BC3AF4B9B1D99A4BF007C7B30924D54B37A6924122150668EB06F1D308"
"results\raw\semanticbridge_fusion\sb_aligned_side_seed42_r0.25.json","39112","92BBE503DFEB06792434E85E10826C7C0BFB0D9406FA873BF21BEB263DD3786F"
"results\raw\semanticbridge_fusion\sb_aligned_side_seed42_r0.50.json","38949","A4C1B35AF51077368152749A0D732ACB4AF7DC1E661364DF727A6D0AA1A36640"
"results\raw\semanticbridge_fusion\sb_aligned_side_seed42_r0.75.json","38723","DF634BCDAC477FA208D218901FEE32100A17D7360ACD81512DA2223F44A2A2CB"
"results\raw\semanticbridge_fusion\sb_aligned_side_seed43_r0.00.json","39166","2BB163DD3C11450524D14A59EA749A223DEFCCD7FA5E78CC0161A0D4B653704D"
"results\raw\semanticbridge_fusion\sb_aligned_side_seed43_r0.25.json","39169","300F8B4386F5EA05CEE619DF7049DC4302F86FE1D8BE1FAC0118BC9335D2E35E"
"results\raw\semanticbridge_fusion\sb_aligned_side_seed43_r0.50.json","38958","514A914A9E3A8A0A2B48DC047E56BDC0B13C1AC8C4CC8BBCB072C4BB44AC6E44"
"results\raw\semanticbridge_fusion\sb_aligned_side_seed43_r0.75.json","38722","877AA9B706F1F08881BBF94D5AC29E128CE21A9D537C8FB6C8B54BDA20A94F8C"
"results\raw\semanticbridge_fusion\sb_aligned_side_seed44_r0.00.json","38819","892325FF69A7B360EF88672305C683D792E4923F005CB2B58255E5BDBC1E4506"
"results\raw\semanticbridge_fusion\sb_aligned_side_seed44_r0.25.json","38873","C7C70A83635C137F1DD15C715578BCEDA1E3A6A05FBD83BD5EC1D91886E40C23"
"results\raw\semanticbridge_fusion\sb_aligned_side_seed44_r0.50.json","38702","939B21FC66327CBCC685493542E35E063BAE1D55DA1D3437FAC7DDE11F52A5E3"
"results\raw\semanticbridge_fusion\sb_aligned_side_seed44_r0.75.json","38448","B001050CCA386846FE0B537F7F24BE443DF8CFC1D5621460B9E4DC20250D016E"
"results\raw\semanticbridge_fusion\sb_vanilla_side_left_seed42_r0.00.json","39150","46F0B031863D0E375A13F5A624C4BA19097DEE30AFEAB8A2C085F309E82C6A4A"
"results\raw\semanticbridge_fusion\sb_vanilla_side_left_seed42_r0.25.json","39162","6F290B47C1031D1B79738C6C267AC8D2FF7BBD533A7C8626F834DD58C107933A"
"results\raw\semanticbridge_fusion\sb_vanilla_side_left_seed42_r0.50.json","38944","B7B257653DC124798F72AB045BCC0638BE514F7CC64193F00843D3E51ECE020E"
"results\raw\semanticbridge_fusion\sb_vanilla_side_left_seed42_r0.75.json","38730","93A787366A2F2380528756ACE8DD054579BCF04F132AEDEF607E54829D4779F1"
"results\raw\semanticbridge_fusion\sb_vanilla_side_left_seed43_r0.00.json","39174","6E5B5655DF5BEB30A352359191037F6137BA76C43F47E806141571D0332AC06F"
"results\raw\semanticbridge_fusion\sb_vanilla_side_left_seed43_r0.25.json","39149","9ABF8E08D0EF70350A2825BA6BDC7989711FA7753ABF71478E3533220C37E765"
"results\raw\semanticbridge_fusion\sb_vanilla_side_left_seed43_r0.50.json","38985","6344C70E1D5AEA2192FD675BB0AA6FBF2C07FF25F3A87C5C87EE06F9DAD28E62"
"results\raw\semanticbridge_fusion\sb_vanilla_side_left_seed43_r0.75.json","38712","C258DBC3E21EF38878B23BD2D8D4743F8CCA6DD6974E8D428C2A6E6B216B909B"
"results\raw\semanticbridge_fusion\sb_vanilla_side_left_seed44_r0.00.json","38828","25D075647AA2A2E1B263FC4338F53FE35BB281684688E30416F3FB14F5899A06"
"results\raw\semanticbridge_fusion\sb_vanilla_side_left_seed44_r0.25.json","38854","69865FFD2BEAAD6C1482559938EDFFCF7652ABB145FB45506A8268E30C9D6F47"
"results\raw\semanticbridge_fusion\sb_vanilla_side_left_seed44_r0.50.json","38643","EC507F4094ECE628AF5514549126A6B26FEBBFBFEF44FEBA2805D31AE0AEF477"
"results\raw\semanticbridge_fusion\sb_vanilla_side_left_seed44_r0.75.json","38499","035E7C944FC45DE1C4E22C50C924027C9E40DF156FDF3656CF423C36BB6A5CF4"
"results\raw\semanticbridge_fusion\sb_vanilla_side_seed42_r0.00.json","39178","56FE4D9B695061D2AAD9E3E1154041E97D17D9C5744A44B7348B45DA7E145686"
"results\raw\semanticbridge_fusion\sb_vanilla_side_seed42_r0.25.json","39119","DAE1649934F9A2ADBBE4C5C2B5107D912E01B2F083301F517BFF6B931FE67ABF"
"results\raw\semanticbridge_fusion\sb_vanilla_side_seed42_r0.50.json","38981","C8467CF3341CA6839C97B9EA74C401D6A5D4E5AE57D1377089BAE08CCB184624"
"results\raw\semanticbridge_fusion\sb_vanilla_side_seed42_r0.75.json","38756","D38BAEFCF54B368FE028121EC403CAE46F3BF42CD47AC9F606338BCBA0F8C2A4"
"results\raw\semanticbridge_fusion\sb_vanilla_side_seed43_r0.00.json","39189","5C438A281ACB656CFA0BAF1049D91D74407A94C6764DBD901C07AE086D28B6FF"
"results\raw\semanticbridge_fusion\sb_vanilla_side_seed43_r0.25.json","39163","1F7BC520C0737E36EAB7C815FD3D72AC5B6CC9D5CBF9A0A915808082DB37AB9F"
"results\raw\semanticbridge_fusion\sb_vanilla_side_seed43_r0.50.json","38930","45467B275D58A4D137B961E6A31921D72EC042F92222FA08341F956F6D609F7F"
"results\raw\semanticbridge_fusion\sb_vanilla_side_seed43_r0.75.json","38734","797EC115C96ECCC2653E48773D49470DDBF10ED930094417698CC6AB57EA42BA"
"results\raw\semanticbridge_fusion\sb_vanilla_side_seed44_r0.00.json","38820","F50A441A299539E228540DF718E5860901496181633E7ED6DFA7F4BDB744FE90"
"results\raw\semanticbridge_fusion\sb_vanilla_side_seed44_r0.25.json","38832","5DAE201513768F10AD2FB70838621C891349DAB4E975008ACA8D452939A729E3"
"results\raw\semanticbridge_fusion\sb_vanilla_side_seed44_r0.50.json","38696","E937112025FDF662D76767C708A7B61F45B9CE95ED7FBADDAC8C6EF75A7A63DC"
"results\raw\semanticbridge_fusion\sb_vanilla_side_seed44_r0.75.json","38458","A486092D8CD49686D26277AC95F15C8C2865718149B7508949A89C3BACA6CAD1"
"results\run_metrics\bridgenetv2_baseline_seed42\history.csv","1847","BD29E095217201E88013525B2C6D2D604B504FB66C586CEAB558A4D4ED404E59"
"results\run_metrics\bridgenetv2_baseline_seed42\metrics.json","8471","EB65F7CABF8B4E84123FAB77F6629DE2FBB312E8CD2D94BF3D8936333024AFA1"
"results\run_metrics\bridgenetv2_baseline_v2_seed42\history.csv","2053","BA79A51D62E3699734944320B74DD4A9DAE73303F91EC08A1DA831193C822476"
"results\run_metrics\bridgenetv2_baseline_v2_seed42\metrics.json","8801","3F98AC0A10415FBCB2875E9F5B6A11801473439549F5C856728A44468B8AD600"
"results\run_metrics\bridgenetv2_baseline_v2_seed43\history.csv","2001","D46A8FAC757C5ECF58957F6F18C518A10CBE7013147AADA3158ADED058A209BC"
"results\run_metrics\bridgenetv2_baseline_v2_seed43\metrics.json","8736","9B1D58CD8C20C098342C87152A62E6A390F1ED3B9781575FB48B665D7B1E6F03"
"results\run_metrics\bridgenetv2_baseline_v2_seed44\history.csv","2023","68C630370187D8D8B7D4DFBB914893C6F18BE19697DB46D5076C3C8AED324023"
"results\run_metrics\bridgenetv2_baseline_v2_seed44\metrics.json","8756","ED9A5872071F62CBA534CDA9C31F3CC8EE95E8A28CA7BC6DC912013498524C25"
"results\run_metrics\brpcd_audit.json","3193","4E9E456236CBEFE86D5629F347A583BA29168A7D2F8617E2B3DF7FFDE8AEF1A9"
"results\run_metrics\brpcd_cross_side_v1\cross_side_balanced_focal_seed42\history.csv","3639","7D811DB17CACBE83D09522D5B386E8F844449BEB0BED100DD10154FD9E7CE246"
"results\run_metrics\brpcd_cross_side_v1\cross_side_balanced_focal_seed42\metrics.json","13064","E83A06CB9297E46F59799D35FE0744BCE4F425C5F2843DCB1F8B8C2DE8578F65"
"results\run_metrics\brpcd_cross_side_v1\cross_side_balanced_focal_seed43\history.csv","3569","6C1A438201A5FACFDCB258F33F9E9B7FC353824346BDA920002EF0DA24F045EF"
"results\run_metrics\brpcd_cross_side_v1\cross_side_balanced_focal_seed43\metrics.json","12886","C1DECABB032A77FEC4BFDA4D3CAFFE1C3CBC763E04D0B483A4E2F36E34F3C1D0"
"results\run_metrics\brpcd_cross_side_v1\cross_side_balanced_focal_seed44\history.csv","3708","291F25C630DDB6548B0B0022BAE84947ABEEEE68B619001BCFF84C3558C03EC4"
"results\run_metrics\brpcd_cross_side_v1\cross_side_balanced_focal_seed44\metrics.json","13122","D4681BA02FE69C5F5F36A3ADADA561AEE0EE985E016BD32458F27775CDE1AB5B"
"results\run_metrics\brpcd_cross_side_v1\queue_status.json","2777","DC2142C0E5651E7D2842611833A4B0CBC96FFA25CC183B59282E6A4B4A21A61D"
"results\run_metrics\brpcd_cross_side_v1\queue_summary.csv","1136","174CE4C3D41CA7AA50653B53361847E55E207E92813127F9CDBD4F3AB0D139EF"
"results\run_metrics\brpcd_formal_v1\clean_balanced_focal_seed42\history.csv","3157","5F63F5A26EC23AC3FB606060BCA4FE4A93E5E2A4C8438B0790F298DC3D36A4C2"
"results\run_metrics\brpcd_formal_v1\clean_balanced_focal_seed42\metrics.json","11344","7CB100B012C68B911A5E9844078D26E96DE08EBC6351A59B8416F2B2D0C205EC"
"results\run_metrics\brpcd_formal_v1\clean_balanced_focal_seed43\history.csv","2985","DD11D62CBC9887EA5E2D21AC696FFA8E58054EA8B29AE573866842A92A48EC21"
"results\run_metrics\brpcd_formal_v1\clean_balanced_focal_seed43\metrics.json","11055","7AC96A041F4B1F325FBDF45D57F76F9C936E075D9051E848AB2E48BD6DF01579"
"results\run_metrics\brpcd_formal_v1\clean_balanced_focal_seed44\history.csv","3187","1564E3E04EE61B2B00D9E1EB7CD63F939C13B1C4A6819F4AF3BD6CBE686976A3"
"results\run_metrics\brpcd_formal_v1\clean_balanced_focal_seed44\metrics.json","11401","F3DEFF1F05B7943C39E6633DC6888AF004BF4C60AB4B05E9519D8E106A49CCD6"
"results\run_metrics\brpcd_formal_v1\clean_uniform_ce_seed42\history.csv","3074","BEA1589CCF43973121BAEDE8DE2BB37323F54B407B850491CBBD7E4F5ADF9B04"
"results\run_metrics\brpcd_formal_v1\clean_uniform_ce_seed42\metrics.json","11137","BC4BFB8B43ED74A67811228EF4D5B57557F68A2F1999C17716D697AC2201FD9E"
"results\run_metrics\brpcd_formal_v1\clean_uniform_ce_seed43\history.csv","3045","27CE84678AD27FB8A2942A68696F80B8AD8C5D435DD97B1CDAFC3A076420E667"
"results\run_metrics\brpcd_formal_v1\clean_uniform_ce_seed43\metrics.json","11113","4A8C66E58A9C2C5A3BE3116096E55F6644E219A100E620074BAEDC52F3620095"
"results\run_metrics\brpcd_formal_v1\clean_uniform_ce_seed44\history.csv","3091","D84547426FBA87B6C761110D7D27CD3A7017D4F152D19DA978E9A2FC29796FF7"
"results\run_metrics\brpcd_formal_v1\clean_uniform_ce_seed44\metrics.json","11149","D0D1A7CD1A2DC126D25C83BFA0E7F02FA0B1D1A0C53AF1B998D18575ADF231F5"
"results\run_metrics\brpcd_formal_v1\queue_status.json","11324","D7260662369EF6A903A42D2C7ED1B89DD97CBB54F4B0EB104FB4BF31685BF659"
"results\run_metrics\brpcd_formal_v1\queue_summary.csv","3540","6AD916B8A0B75AAA47186DFC429011F8C1835573CD0846758366F15C29198098"
"results\run_metrics\brpcd_formal_v1\train_occ25_balanced_focal_seed42\history.csv","2819","427825B782955556310927011A9E5CFAFFFF2D9CBA82E47B89F20EAA2E3A2558"
"results\run_metrics\brpcd_formal_v1\train_occ25_balanced_focal_seed42\metrics.json","10941","E289565AB0F8B417215C2F98D5EE84ECD4960E550DA9B233620E31B478C384AC"
"results\run_metrics\brpcd_formal_v1\train_occ25_balanced_focal_seed43\history.csv","2944","3BCBCD8B6994659161CEC902457B5929955DCA6EF38D4685056EFAB54CAC3244"
"results\run_metrics\brpcd_formal_v1\train_occ25_balanced_focal_seed43\metrics.json","11024","5DBC9F323217C9DE4894F650AACDA90B2C60741DF0B8455F2BAFD8E75FE76225"
"results\run_metrics\brpcd_formal_v1\train_occ25_balanced_focal_seed44\history.csv","2998","91A254E66BB3A9E59BE92BFB844B54051E40B79A3AF2168B78E63B3BC6E4F39F"
"results\run_metrics\brpcd_formal_v1\train_occ25_balanced_focal_seed44\metrics.json","10949","CB1595D5161AC63713754F1E412E2F30F17271892395E605838ECD1ECB14694A"
"results\run_metrics\brpcd_formal_v1\train_occ50_balanced_focal_seed42\history.csv","3042","83F04D4EB5EC3856899570848849FD41FB1FB4E2C3A548A99311D515445AC7B3"
"results\run_metrics\brpcd_formal_v1\train_occ50_balanced_focal_seed42\metrics.json","11261","6082113E3B4FD5E47113C9DD0C6B16A95E24860550D79AF6C2BA4957AB780A49"
"results\run_metrics\brpcd_formal_v1\train_occ50_balanced_focal_seed43\history.csv","2911","16F12A50C4C38C256F56430698ED9CC999508D28FCF75307E7D469491724096C"
"results\run_metrics\brpcd_formal_v1\train_occ50_balanced_focal_seed43\metrics.json","10879","F9F2FDF341F384837D2741EB4CA6C73006B5F5419EBE65D1D36B1B23E0116236"
"results\run_metrics\brpcd_formal_v1\train_occ50_balanced_focal_seed44\history.csv","3055","B44DA81E7373BC55FE3CD9F4B577F5F1873448A617B9DD4C49FAC020A5F574DF"
"results\run_metrics\brpcd_formal_v1\train_occ50_balanced_focal_seed44\metrics.json","11284","DD077ACBA5E9FFCEDED2B8B9FBF9A514441CB20CBCA177FBE167FE52053C5238"
"results\run_metrics\brpcd_symmetry_v1\mirror_augmentation_balanced_focal_seed42\history.csv","3356","17822C174AAC1FC1A27593AE561272F92FCF6CB2C4978995B60612295E01DBCB"
"results\run_metrics\brpcd_symmetry_v1\mirror_augmentation_balanced_focal_seed42\metrics.json","12658","E60011DE3624118171E214FE9E4C54B4C11AA6C555F0A0197D27FC221F90EEA7"
"results\run_metrics\brpcd_symmetry_v1\mirror_augmentation_balanced_focal_seed43\history.csv","3321","B0F27C9B8111EFA6430DC57EAFDB250A3C1B080D197F708E69E7573A1FE9BA2D"
"results\run_metrics\brpcd_symmetry_v1\mirror_augmentation_balanced_focal_seed43\metrics.json","12734","7A058459DC25370706380CBA99E629E4054A6CFA20B181201FC3824F667D700D"
"results\run_metrics\brpcd_symmetry_v1\mirror_augmentation_balanced_focal_seed44\history.csv","3407","BF32B7E3AC3A441007DAD3085DDB95F5F21E7233A41523E6CA17D79CDECC9119"
"results\run_metrics\brpcd_symmetry_v1\mirror_augmentation_balanced_focal_seed44\metrics.json","12841","216BC11E1793516BAA13C719E40A274C88ABC11DFF4B085E51372C6006440347"
"results\run_metrics\brpcd_symmetry_v1\queue_status.json","7841","38657B154F7F969CA3D8E1F6284280F9AA7701B378F74F471A3CF02DF10F3DE2"
"results\run_metrics\brpcd_symmetry_v1\queue_summary.csv","3338","870E9E9C66E66E7FEAB9D11A9844F8390FEB1E58407A7845A2C50BC07107FFF5"
"results\run_metrics\brpcd_symmetry_v1\symmetry_consistency_balanced_focal_seed42\history.csv","3690","41665A5CD0C87C5DB3AAC714973F45FA1EC169C8F912730CB1003E337B24E532"
"results\run_metrics\brpcd_symmetry_v1\symmetry_consistency_balanced_focal_seed42\metrics.json","12994","79C3CDCADA78DD3F4A440BE170C21CBAE7BFD2574CD23B24E3B22ED2C3B31EAE"
"results\run_metrics\brpcd_symmetry_v1\symmetry_consistency_balanced_focal_seed43\history.csv","3613","E98FF665AE9A520C5AF14D1CED2062A9A53013E0986EF26700FCD6A66A79D269"
"results\run_metrics\brpcd_symmetry_v1\symmetry_consistency_balanced_focal_seed43\metrics.json","12913","4A7DC0FDB3858A01EE0F184B2DE78354334915884AF64BAAB6F6D11F1F8AE0E7"
"results\run_metrics\brpcd_symmetry_v1\symmetry_consistency_balanced_focal_seed44\history.csv","3883","BEE63DFFDF8AD76065DA7AF77A4DC252C194FE7CA138DBE60C689E23A2A6EC87"
"results\run_metrics\brpcd_symmetry_v1\symmetry_consistency_balanced_focal_seed44\metrics.json","13308","E522FD11C213597BA4A2413EAB103AE7DC520F0C2EB47DF085E81E2E690FEB5D"
"results\run_metrics\brpcd_symmetry_v1\wrong_axis_consistency_balanced_focal_seed42\history.csv","3706","024AAB3A8EA7C98819582251A877C648ACBCA2311813EE319408FE25D67DEB1E"
"results\run_metrics\brpcd_symmetry_v1\wrong_axis_consistency_balanced_focal_seed42\metrics.json","12996","06D9BADDA57185D4E9E078A4D9D4D0FD2E4F0CD2BA04731C1E5766757D05F8EB"
"results\run_metrics\brpcd_symmetry_v1\wrong_axis_consistency_balanced_focal_seed43\history.csv","3627","29157024C311087E0698E224FDA3DBD2B36AA6ADCB51EB18CD60C09E69CB57E8"
"results\run_metrics\brpcd_symmetry_v1\wrong_axis_consistency_balanced_focal_seed43\metrics.json","12922","3E2E221A6CB6DAB9CF160922C339693E8CB42359FB1E3250EC75F010D726893D"
"results\run_metrics\brpcd_symmetry_v1\wrong_axis_consistency_balanced_focal_seed44\history.csv","3827","3EC29CB62A18CEA09E2F924ADB897F7C5A7A78DB5D4011AF744A0FB24B6A75D6"
"results\run_metrics\brpcd_symmetry_v1\wrong_axis_consistency_balanced_focal_seed44\metrics.json","13259","92C565A56C47ED98F2849BA08EC4E9FBF9399971586833902CBB0B794572C271"
"results\run_metrics\brpcd_symmetry_v2\mirror_augmentation_balanced_focal_seed42\history.csv","3341","EE83A13F4DBEA62AE72F63163CD65688EE4D491C646CA8578937D7110B476AAA"
"results\run_metrics\brpcd_symmetry_v2\mirror_augmentation_balanced_focal_seed42\metrics.json","12767","08A40ACC8AFFD2A24C3AC3121100CBEF448BBE21699E7D85C8C3E87F564A10AF"
"results\run_metrics\brpcd_symmetry_v2\mirror_augmentation_balanced_focal_seed43\history.csv","3198","F304BEEADFEA23DFD7D8BD583CA13723885878F44FEC6B145260AAA850CC673C"
"results\run_metrics\brpcd_symmetry_v2\mirror_augmentation_balanced_focal_seed43\metrics.json","12617","EB289947920E1279812793F025ED2ACC4FB3D0B7578ABA349958ED0F13B10509"
"results\run_metrics\brpcd_symmetry_v2\mirror_augmentation_balanced_focal_seed44\history.csv","3411","3D89F317F210CEDB96DC01ADB57611824BC5EB1B19104F64DE4CA5AA0A2A5D47"
"results\run_metrics\brpcd_symmetry_v2\mirror_augmentation_balanced_focal_seed44\metrics.json","12799","2C00B27692565D23345F6D41D20F71AE59CB37CFFE16B3AC1E98E079130537CC"
"results\run_metrics\brpcd_symmetry_v2\queue_status.json","7841","DFB4C163AE8B849EDBE6ECEDD519E0AED57714416457F3933E4176EA8D7E3A0E"
"results\run_metrics\brpcd_symmetry_v2\queue_summary.csv","3338","EA119F3D6049A7FD947000CC3850BA23BF8E48DE6ED73EBE8E2C08D73B31B8B4"
"results\run_metrics\brpcd_symmetry_v2\symmetry_consistency_balanced_focal_seed42\history.csv","3727","2C4AF9EE2A779ABDBB2A0C9BBE7EDB872A4D379B703945966A55A8F731E67240"
"results\run_metrics\brpcd_symmetry_v2\symmetry_consistency_balanced_focal_seed42\metrics.json","13134","7273E2AEECA1E477A2DEDF7443848BFF6F7BAEAA2008E4F32A4539290F7CE952"
"results\run_metrics\brpcd_symmetry_v2\symmetry_consistency_balanced_focal_seed43\history.csv","3598","FBADA602083E3AF063766D83F2FD61AD435AC7A4CB4FDB372BC954F940C7A619"
"results\run_metrics\brpcd_symmetry_v2\symmetry_consistency_balanced_focal_seed43\metrics.json","12896","C6BF973B04B6E57961E216AACEBDF1AF6C4CD7B904FE3A2E5768D3F10764E946"
"results\run_metrics\brpcd_symmetry_v2\symmetry_consistency_balanced_focal_seed44\history.csv","3861","EF1AD5BB5A51FA158E5CCB0D5D68B8D67D2A435E7EA250A8511DE33F5AE63693"
"results\run_metrics\brpcd_symmetry_v2\symmetry_consistency_balanced_focal_seed44\metrics.json","13287","BC590511930E45DD6A6F70E80620271B6EA3CAB471D58495BEF21E649165C817"
"results\run_metrics\brpcd_symmetry_v2\wrong_axis_consistency_balanced_focal_seed42\history.csv","3663","A67E7AA8BFF1AAF18809251AC122B05C92C85502BC9AE8E71399AA126D66C4BA"
"results\run_metrics\brpcd_symmetry_v2\wrong_axis_consistency_balanced_focal_seed42\metrics.json","13094","AF3EA77A823306AE782438D4ACD62C2EEBC4D53B6FF1F905900BE4F2B7C33AE5"
"results\run_metrics\brpcd_symmetry_v2\wrong_axis_consistency_balanced_focal_seed43\history.csv","3557","62933DC91BA2BF6FE0487E216B52259A0BB7B05891F1EC043D9C0754941137AA"
"results\run_metrics\brpcd_symmetry_v2\wrong_axis_consistency_balanced_focal_seed43\metrics.json","12856","216076DB9A4919A27A5261CDA2C60679D0517EE936271DA0617829132EE75383"
"results\run_metrics\brpcd_symmetry_v2\wrong_axis_consistency_balanced_focal_seed44\history.csv","3838","59E1E5BA4EAE0FBEA63EF5D3D9BDDA9ED5987E13BD31C08CA3573A9C136AA6E5"
"results\run_metrics\brpcd_symmetry_v2\wrong_axis_consistency_balanced_focal_seed44\metrics.json","13261","C816A8A0B2EB2DC1CAE3219F5DAA1E02522E0627A6E37BE8C817BAD6D38450FC"
"results\run_metrics\class_geometry_diagnostic\geometry_summary.csv","977","040BDC6F1FE2383A76A725756E09D535B50FFC559D318EC661BB7C577E51A22B"
"results\run_metrics\class_geometry_diagnostic\geometry_summary.json","16018","C5338DDE5780600E343C57187865ECBC47F3F7CC6DC010D5E12AA0005C949615"
"results\run_metrics\cross_side_smoke_v1\history.csv","230","C6D1FA7D33B8CE93D9AD530EB3F10CBC3C362E92E22E72982D2EC183FABF6BDD"
"results\run_metrics\cross_side_smoke_v1\metrics.json","3458","A5953CD70DE0C5C745C397312B2CFDE784461FE3A0E7E6A67D8443C1C7658B8C"
"results\run_metrics\f3_balanced_focal\history.csv","170","2301E81D9DF36C335B479911DC5059356B6F39D9E91C1E98C48D21CF279EC88B"
"results\run_metrics\f3_balanced_focal\metrics.json","1377","2F4CCE6FFC3C4F65C098F51739A6479810101F5E1AEA7E1F077451AF1D45D95E"
"results\run_metrics\f3_uniform_ce\history.csv","200","A08F1DB8C99FB00E3B3982D25444081823E01787FE38D35FB43ED8F722AC1132"
"results\run_metrics\f3_uniform_ce\metrics.json","1385","39543FBA3ADAF30F389E723E396798CC8CC894093F0069408960681005574FB0"
"results\run_metrics\f4_occ25\history.csv","170","95B37FFF3F584BC9169F2F2B95AA6CE6E8E707EA741B2BF5E74695DBE01CA9DD"
"results\run_metrics\f4_occ25\metrics.json","1428","06C87C24E365A3CE134DB5B1F42A716DC8215E55F7514E9CEACEBFE8A41C9F23"
"results\run_metrics\f4_occ50\history.csv","169","546E10643F25107B33E694A12F11B537AA115F6F6C8EB03D1699A8CD3B0F9FBB"
"results\run_metrics\f4_occ50\metrics.json","1426","0281E02531900E96199132B9B9A707E07FD6F6A436576164D4912C5BDE113DAE"
"results\run_metrics\f4_occ75\history.csv","211","3893EC292CFC3685B96E80E63B8AD00D84261D566A2DBB46C4F8E1F95276FE6B"
"results\run_metrics\f4_occ75\metrics.json","1498","ED534F528AD58C07405B507F50A8F82F52210A6018F9F080BE46DCA2DAB515E2"
"results\run_metrics\feature_diagnostic_synthetic_to_real\feature_diagnostic.json","957","1F34667D7837DECDBC7310FEE9520014B0E99DD7FCA6A9EDE4721FE19AD16836"
"results\run_metrics\feature_diagnostic_v3\feature_diagnostic.json","927","7EA9876B18F97B2F679FA37AF21FBB84713F3EB5ED9FAFF88DA727572AC4FE82"
"results\run_metrics\framework_smoke.json","343","E34333450D333FDD2ADAA99143B7A41BD6954A93AA4BBD7E86AB7A9EE6E109F8"
"results\run_metrics\framework_train_smoke\history.csv","170","02D2013A255CF1C0C2F604B3DA135B97041A2571BEBCE7EF709728C01F4B0B3F"
"results\run_metrics\framework_train_smoke\metrics.json","1270","277301F4C15935A1C10989BBC24DEEAB87DDF17B7CCD872F9BC67CA0B69BAFC3"
"results\run_metrics\gpu_benchmark\history.csv","171","AF53F9FDBD117B224ADE4377643599EB9A1831E4EAFA33618DDFFACC0FFA74AC"
"results\run_metrics\gpu_benchmark\metrics.json","3732","E0E24BD0DBBFCB7E19E8442513DC07682EC5FF7DD58B54174C0BD304779FFD68"
"results\run_metrics\lobo_check_v1\lobo_manifest.json","944","FF43698BBCA3DB6467E1592E2FE3809A7D2B099D3BA8B83AE11C7C896AD585C6"
"results\run_metrics\lobo_check_v1\lobo_summary.csv","2711","444B8F0CCFF4CAD30C78FDA840E0F2D1F19617B33BDD9054D30FCAB5F07465BA"
"results\run_metrics\lobo_check_v1\test_c-bridge1\augmentation_tta\pointnet_baseline_plus_augmentation_mirror_tta_seed42\history.csv","302","B8A8D39543DD50AFF20E7A03F4CD7EB48D3ABA900874DC31CF9703062B36E03B"
"results\run_metrics\lobo_check_v1\test_c-bridge1\augmentation_tta\pointnet_baseline_plus_augmentation_mirror_tta_seed42\metrics.json","3815","F3DD4E2C1215BB432637A357F45B1217B013F32006C55A0BA27FBCE5CBB8CA3F"
"results\run_metrics\lobo_check_v1\test_c-bridge1\augmentation_tta\pointnet_baseline_plus_augmentation_mirror_tta_seed43\history.csv","308","47067E1F53405AF6BD53C6954F586C46370188A73D01E0312538AAA6A5441E23"
"results\run_metrics\lobo_check_v1\test_c-bridge1\augmentation_tta\pointnet_baseline_plus_augmentation_mirror_tta_seed43\metrics.json","4146","18A2461970BFB7ABA14328D28F5ACFE3724059A210BFE826E87ABC0B3D30A6FC"
"results\run_metrics\lobo_check_v1\test_c-bridge1\augmentation_tta\pointnet_baseline_plus_augmentation_mirror_tta_seed44\history.csv","300","8F9506BCDB9CCF0F5871CFB074DA39656038C1A144EBC283E18BD377BEEF60BB"
"results\run_metrics\lobo_check_v1\test_c-bridge1\augmentation_tta\pointnet_baseline_plus_augmentation_mirror_tta_seed44\metrics.json","4126","5355B52DE04110478610568B48D8458816BD3AB90B099D68D2DE55D70574DC5F"
"results\run_metrics\lobo_check_v1\test_c-bridge1\augmentation_tta\queue_status.json","4809","0B0C0F9871F7FBFD860F47CC559CB5F7C10FBB0F639DEA4F550C04B7354BA72C"
"results\run_metrics\lobo_check_v1\test_c-bridge1\augmentation_tta\queue_summary.csv","1648","0D6F2E9D0605CB68EBF1E0830CA4D79B95BF0D4CE6DEAE9D2FFFF604ABFCD150"
"results\run_metrics\lobo_check_v1\test_c-bridge1\topology_tta\pointnet_topology_order_mirror_tta_seed42\history.csv","317","4C067611E833D0C9895C369EE97759886DB9D5FBB61082CB7261AA70EB758AEA"
"results\run_metrics\lobo_check_v1\test_c-bridge1\topology_tta\pointnet_topology_order_mirror_tta_seed42\metrics.json","3823","C11254D7F8A6C27809D3C4709763F1C61668EB3D2CC48F91A28FCFD0C241B46D"
"results\run_metrics\lobo_check_v1\test_c-bridge1\topology_tta\pointnet_topology_order_mirror_tta_seed43\history.csv","315","835CDFFB662A842BE7F5012A5FE9FF114640420A3881ECA4AE3A5405F3629FDA"
"results\run_metrics\lobo_check_v1\test_c-bridge1\topology_tta\pointnet_topology_order_mirror_tta_seed43\metrics.json","4130","2004D52FE5359EB99A6AF57AAE77365E2CFE31801F46A03B6B627B88611DB6B4"
"results\run_metrics\lobo_check_v1\test_c-bridge1\topology_tta\pointnet_topology_order_mirror_tta_seed44\history.csv","300","90F86DB9439257F7559EEC387671359405D5B307B3677F094E06EFCFD03AB599"
"results\run_metrics\lobo_check_v1\test_c-bridge1\topology_tta\pointnet_topology_order_mirror_tta_seed44\metrics.json","4121","EEA3C9D92A3AD1F5A01593EDD68F9687E276F75E12261E213EF163C590B26951"
"results\run_metrics\lobo_check_v1\test_c-bridge1\topology_tta\queue_status.json","4645","D103F7B753BC7A0F2B1892748D18AEAB8C74ABBD4DDFDF0E74160C6248A6705A"
"results\run_metrics\lobo_check_v1\test_c-bridge1\topology_tta\queue_summary.csv","1492","827CB46B83AFFBEF497DB68A70E0A64CF32386B45B4510FD016F464BE3331DC1"
"results\run_metrics\lobo_v1\lobo_manifest.json","1156","4E1E83CFD5AD099D96A90CD2459DB6DE25C1486375EB046720C2D7F45ABBE3FA"
"results\run_metrics\lobo_v1\lobo_summary.csv","15119","0CC5A920F647CAE0FAC0403729D92FA7418196AA85027DD5D55FC9EBDBA197CA"
"results\run_metrics\lobo_v1\test_c-bridge1\augmentation_tta\pointnet_baseline_plus_augmentation_mirror_tta_seed42\history.csv","3443","B5C426BDBBB3B5601FBC975FBACAAF3BCF4604A072D8E33DA1A2D9FF3FBBB821"
"results\run_metrics\lobo_v1\test_c-bridge1\augmentation_tta\pointnet_baseline_plus_augmentation_mirror_tta_seed42\metrics.json","13365","209C7E09B87D6A066A63488B88B6E9342DA762190C9530467120D87DF0CDC643"
"results\run_metrics\lobo_v1\test_c-bridge1\augmentation_tta\pointnet_baseline_plus_augmentation_mirror_tta_seed43\history.csv","3433","7B58F7E1C903F42E6ED9BA50533ACBE12703BC799BB34B7E98E354711783A105"
"results\run_metrics\lobo_v1\test_c-bridge1\augmentation_tta\pointnet_baseline_plus_augmentation_mirror_tta_seed43\metrics.json","13454","76644D2825D2A9277DA8317506F37B2B9EB612EE7F18BF84364810BB41F25770"
"results\run_metrics\lobo_v1\test_c-bridge1\augmentation_tta\pointnet_baseline_plus_augmentation_mirror_tta_seed44\history.csv","3449","39E033BA6F7510E39AFBC3D46717BB575035875EF2D0E8CE6D863DFD50B2DA41"
"results\run_metrics\lobo_v1\test_c-bridge1\augmentation_tta\pointnet_baseline_plus_augmentation_mirror_tta_seed44\metrics.json","13470","CD0A12DCCA6218616EDCA7389C7104E10113D85661A7581E892A086E00AAA90D"
"results\run_metrics\lobo_v1\test_c-bridge1\augmentation_tta\queue_status.json","4774","178BFF95AEB486FE600212BE7337CEB88B5E08937C0283193DD02FA9B88D5095"
"results\run_metrics\lobo_v1\test_c-bridge1\augmentation_tta\queue_summary.csv","1612","E2EA51962208962C05CFF732C5F3B8848495CCE825181B7EE792ADD057C6F4BB"
"results\run_metrics\lobo_v1\test_c-bridge1\topology_tta\pointnet_topology_order_mirror_tta_seed42\history.csv","3835","A516118A92783D4936CA26F427EC6B95115F19B4C9E9FAC348A402D46D8F71A8"
"results\run_metrics\lobo_v1\test_c-bridge1\topology_tta\pointnet_topology_order_mirror_tta_seed42\metrics.json","13850","00D9CBC050D2F17BF16F3D6118ABB8AEAD19ADEBDFF281F32D2442049B4E4B97"
"results\run_metrics\lobo_v1\test_c-bridge1\topology_tta\pointnet_topology_order_mirror_tta_seed43\history.csv","3841","3D7604BFF361FBF3749AE4AFDAC522CFD7F5DBB4ED42D749E2667B2AFBFEA37C"
"results\run_metrics\lobo_v1\test_c-bridge1\topology_tta\pointnet_topology_order_mirror_tta_seed43\metrics.json","13868","8D0B9B61E0E7536DB47F626B6E84A11D84DA2951C08EA015EC418A9F2F2C7C08"
"results\run_metrics\lobo_v1\test_c-bridge1\topology_tta\pointnet_topology_order_mirror_tta_seed44\history.csv","3784","FB4CEDB6635291D98CB8F393D676ADD445B0BE0661C1A329443386DCFDEF58FF"
"results\run_metrics\lobo_v1\test_c-bridge1\topology_tta\pointnet_topology_order_mirror_tta_seed44\metrics.json","13811","00B4A300885C2A1C899EB11A0BB968DF8B784B782D85F1374B8D1B5D1B148377"
"results\run_metrics\lobo_v1\test_c-bridge1\topology_tta\queue_status.json","4610","1797E4AA98D199BFEC3AAC1F87798D39AB5249ECF842E58897040C33CF56B134"
"results\run_metrics\lobo_v1\test_c-bridge1\topology_tta\queue_summary.csv","1456","593A96FF850852975D60250967D239AEA429BF98E896F4A722508AFC6C59CAF0"
"results\run_metrics\lobo_v1\test_c-bridge2\augmentation_tta\pointnet_baseline_plus_augmentation_mirror_tta_seed42\history.csv","3378","C66A7F7A91D75B4046764E7E5D166B1A7941C1567A95777F9B118A04FA1AFFB8"
"results\run_metrics\lobo_v1\test_c-bridge2\augmentation_tta\pointnet_baseline_plus_augmentation_mirror_tta_seed42\metrics.json","13522","93CF5F11A1DB0014554C1AE6285EFB98570227775D9D335E1609BBBCEFEE03FF"
"results\run_metrics\lobo_v1\test_c-bridge2\augmentation_tta\pointnet_baseline_plus_augmentation_mirror_tta_seed43\history.csv","3399","0E663C4F0B90C2E8C2252C504C1CFD83CD6497DEC7ED9458C60223FDD4018278"
"results\run_metrics\lobo_v1\test_c-bridge2\augmentation_tta\pointnet_baseline_plus_augmentation_mirror_tta_seed43\metrics.json","13432","0C99088B0DECB648BA47B22C4BEDF4D75402F6D05DC7EB3096CD63B4078C0CA2"
"results\run_metrics\lobo_v1\test_c-bridge2\augmentation_tta\pointnet_baseline_plus_augmentation_mirror_tta_seed44\history.csv","3492","90814BBCE21FCC76B2D9E0F63444D5C8A5E5DAD26336C4FB178AF09DDEFBA9EA"
"results\run_metrics\lobo_v1\test_c-bridge2\augmentation_tta\pointnet_baseline_plus_augmentation_mirror_tta_seed44\metrics.json","13524","01F2F4B7B8C2AE641FC97B3C0B2246169944930E39E1FEA4AE86C26B2475B8B2"
"results\run_metrics\lobo_v1\test_c-bridge2\augmentation_tta\queue_status.json","4774","4654875C657179ED3D578DB0A2C74827B3EE7E300550C71E5E81718766E09DD9"
"results\run_metrics\lobo_v1\test_c-bridge2\augmentation_tta\queue_summary.csv","1612","7CCA9ECB54F5239DC9D00FACE2D7F00CE4A591402A590322937AFA34A996441E"
"results\run_metrics\lobo_v1\test_c-bridge2\topology_tta\pointnet_topology_order_mirror_tta_seed42\history.csv","3811","B522C9DA88424595D5B313A29CDBB49014B838A7A11303F97F79AA8713F0CEB6"
"results\run_metrics\lobo_v1\test_c-bridge2\topology_tta\pointnet_topology_order_mirror_tta_seed42\metrics.json","13961","24AD096D6B2EB6BCA985AA83BD96D20F3458011FA57ED1A8B4690C98E899A957"
"results\run_metrics\lobo_v1\test_c-bridge2\topology_tta\pointnet_topology_order_mirror_tta_seed43\history.csv","3704","908CCAF259E3BABAB9798D9B8651C1E1CB0F9343E117F5C848700EF74E6BB6B7"
"results\run_metrics\lobo_v1\test_c-bridge2\topology_tta\pointnet_topology_order_mirror_tta_seed43\metrics.json","13833","057A41F7883800F8660B88315809B4774570D18CCA4C196D31E7E5608BF8B663"
"results\run_metrics\lobo_v1\test_c-bridge2\topology_tta\pointnet_topology_order_mirror_tta_seed44\history.csv","3864","FAE2AE196CF834E3C889F6BE1DE1C37B65BFCE62F33B3AA30477ABF9DE5B4F83"
"results\run_metrics\lobo_v1\test_c-bridge2\topology_tta\pointnet_topology_order_mirror_tta_seed44\metrics.json","14001","B5311EEDCC2C08257D986A2E4013EB93D770EEE51FB65B1B450747047506D20E"
"results\run_metrics\lobo_v1\test_c-bridge2\topology_tta\queue_status.json","4610","5569960A0783132DBFA74D88C473A3FA9298895139CF2FBD003A4AA276AB5488"
"results\run_metrics\lobo_v1\test_c-bridge2\topology_tta\queue_summary.csv","1456","C0B636F781FFEC33821685BC895E331EFD4F2D573515BFD5E229861C6064029C"
"results\run_metrics\lobo_v1\test_c-bridge3\augmentation_tta\pointnet_baseline_plus_augmentation_mirror_tta_seed42\history.csv","3421","3C59F1DAAB9A8463F09314043C4B8BF96164888A01C7685221A03D9668144C42"
"results\run_metrics\lobo_v1\test_c-bridge3\augmentation_tta\pointnet_baseline_plus_augmentation_mirror_tta_seed42\metrics.json","13416","D976A42E7BC242086D1099067178C6C2AE68C1834037BEAAF2119C109B589E9D"
"results\run_metrics\lobo_v1\test_c-bridge3\augmentation_tta\pointnet_baseline_plus_augmentation_mirror_tta_seed43\history.csv","3456","B8465C3F0935F8DE07CE114C4AFF2306705268F3C452DD96E991328A592A6851"
"results\run_metrics\lobo_v1\test_c-bridge3\augmentation_tta\pointnet_baseline_plus_augmentation_mirror_tta_seed43\metrics.json","13448","8457143AE48F0347B3DAD333949ED9B0A3E75B2BABE0E59A41600001F9A4667B"
"results\run_metrics\lobo_v1\test_c-bridge3\augmentation_tta\pointnet_baseline_plus_augmentation_mirror_tta_seed44\history.csv","3367","235FC502690BA9F1A0006090FCDA5964656607A89FE7B6AFB3E91BC4835E28E8"
"results\run_metrics\lobo_v1\test_c-bridge3\augmentation_tta\pointnet_baseline_plus_augmentation_mirror_tta_seed44\metrics.json","13354","B62EBD274922F9874AFC4EAEAF185E402F72469C164C6E0E3AFDEC0B3DB07C52"
"results\run_metrics\lobo_v1\test_c-bridge3\augmentation_tta\queue_status.json","4774","F281224F5361C89884A996526825DF81E24918A2F08F73F626DF830320B093C5"
"results\run_metrics\lobo_v1\test_c-bridge3\augmentation_tta\queue_summary.csv","1612","11BD54CF08B574F18E037042EE504B987CF259D10B63ABB15141BA97B5618A88"
"results\run_metrics\lobo_v1\test_c-bridge3\topology_tta\pointnet_topology_order_mirror_tta_seed42\history.csv","3795","8C32104C14A06D414C17ECF99150D6BD8F43F889E8B7790737605BB681BB3C9E"
"results\run_metrics\lobo_v1\test_c-bridge3\topology_tta\pointnet_topology_order_mirror_tta_seed42\metrics.json","13795","838D0680A08ED5BD922E15AF326E5CAE3D4568D58DF611973548EB2ACCDA7977"
"results\run_metrics\lobo_v1\test_c-bridge3\topology_tta\pointnet_topology_order_mirror_tta_seed43\history.csv","3780","8389CB612876B73C6604738E525F8C4FC8FD58499DEC2D9BAA96B0547671FC4D"
"results\run_metrics\lobo_v1\test_c-bridge3\topology_tta\pointnet_topology_order_mirror_tta_seed43\metrics.json","13770","1AC399BC2C32A55EA860B71F1DDD8B5D02D83645FD27C79E0AE515BCF4797CDF"
"results\run_metrics\lobo_v1\test_c-bridge3\topology_tta\pointnet_topology_order_mirror_tta_seed44\history.csv","3893","3E862799B27BF8E40A59D1BC0A421792AB27ECECDFE666A596E4E838CFE5AC46"
"results\run_metrics\lobo_v1\test_c-bridge3\topology_tta\pointnet_topology_order_mirror_tta_seed44\metrics.json","13907","8A52B5A29362A971F339BF5629FE791693DDDB27F581798059015366941FAB9C"
"results\run_metrics\lobo_v1\test_c-bridge3\topology_tta\queue_status.json","4610","ACC8E2461A1B8D6CB6B32C7A36A3F22F1C1E2FA819E80BBE727FB5BC0C9CD236"
"results\run_metrics\lobo_v1\test_c-bridge3\topology_tta\queue_summary.csv","1456","51B4636285B75E49A3EC0769E64A97A7DF53EAB881FD34977DD2E792CBEB7917"
"results\run_metrics\lobo_v1\test_c-bridge4\augmentation_tta\pointnet_baseline_plus_augmentation_mirror_tta_seed42\history.csv","3441","F983C3D3144F2DE14BBBD7939E893B58A4C4B7F0558F918D067C9D94B1E41FE5"
"results\run_metrics\lobo_v1\test_c-bridge4\augmentation_tta\pointnet_baseline_plus_augmentation_mirror_tta_seed42\metrics.json","13581","A522A7C4BD2701E344B595B0AC66C715512FBF04A77CC55D2AA3F9555E0747C9"
"results\run_metrics\lobo_v1\test_c-bridge4\augmentation_tta\pointnet_baseline_plus_augmentation_mirror_tta_seed43\history.csv","3298","2C02C03006A2AB5784281755B3E7D9E9B315E6A3BCC5EB12EEEA61169C8AFDBA"
"results\run_metrics\lobo_v1\test_c-bridge4\augmentation_tta\pointnet_baseline_plus_augmentation_mirror_tta_seed43\metrics.json","13333","4B96208DEBC8C9814FA6580C8D29D7D07846A4D70C30D4F0CD02786D44285F3C"
"results\run_metrics\lobo_v1\test_c-bridge4\augmentation_tta\pointnet_baseline_plus_augmentation_mirror_tta_seed44\history.csv","3511","7D111FFA3EB874C350D761B7ACBC91EF0B9FE4E871CE8411594BAC50E3FCACE0"
"results\run_metrics\lobo_v1\test_c-bridge4\augmentation_tta\pointnet_baseline_plus_augmentation_mirror_tta_seed44\metrics.json","13644","EB648837ABA6425A580F7E9BB80A32F727A970607B04FFED0A7494A4A9E291CA"
"results\run_metrics\lobo_v1\test_c-bridge4\augmentation_tta\queue_status.json","4774","8BA90868C00331DE7382F3F2D83F976A3D630B642BE3473DEF04ECDB7811E317"
"results\run_metrics\lobo_v1\test_c-bridge4\augmentation_tta\queue_summary.csv","1612","AA6B6D0D8B33A9181A6132A555591D90B3861DBD63E311A58F15DE567D1179B1"
"results\run_metrics\lobo_v1\test_c-bridge4\topology_tta\pointnet_topology_order_mirror_tta_seed42\history.csv","3760","51718450E85E64241E442F7BBC39F395D98C9AF45B3E4BD3A41888BE5E80F76B"
"results\run_metrics\lobo_v1\test_c-bridge4\topology_tta\pointnet_topology_order_mirror_tta_seed42\metrics.json","13886","5D3B7268479CA90040F5A455A522E3028C1FC85693B53EF8D67322763D93B193"
"results\run_metrics\lobo_v1\test_c-bridge4\topology_tta\pointnet_topology_order_mirror_tta_seed43\history.csv","3745","8B70A2F9FE42BA652850C8463C9BEC10ABF4D07AEB25A7277F61266864797BD5"
"results\run_metrics\lobo_v1\test_c-bridge4\topology_tta\pointnet_topology_order_mirror_tta_seed43\metrics.json","13860","BDEAA8C27259460E73827A9CFA0A2FA3AA64BD74C3E41E62280326AE4D1B9260"
"results\run_metrics\lobo_v1\test_c-bridge4\topology_tta\pointnet_topology_order_mirror_tta_seed44\history.csv","3898","3362567B56D6834E4AFD337F53809451601A223C36F4FE09806A799BD01227BF"
"results\run_metrics\lobo_v1\test_c-bridge4\topology_tta\pointnet_topology_order_mirror_tta_seed44\metrics.json","14046","ED18B1120D480AF39ACBF19D5DBBA98045FA6C77E2D70F3ED58FA2603B98FFF7"
"results\run_metrics\lobo_v1\test_c-bridge4\topology_tta\queue_status.json","4610","1EB9DF5A4D2179F9CE0BDEE7BC7C94FE3A3E9A3EBB052EB6B4451584E80F3A93"
"results\run_metrics\lobo_v1\test_c-bridge4\topology_tta\queue_summary.csv","1456","958433EEAD5C7A2DA25847F0C341F97019FAFD10A472FE719D1C6101E2F0BDDB"
"results\run_metrics\lobo_v1\test_c-bridge5\augmentation_tta\pointnet_baseline_plus_augmentation_mirror_tta_seed42\history.csv","3375","ADFC2AD4CA5715F66532C96C74E375E7307B14A2F25E0050082F7E56F535BA1E"
"results\run_metrics\lobo_v1\test_c-bridge5\augmentation_tta\pointnet_baseline_plus_augmentation_mirror_tta_seed42\metrics.json","13387","00C11D6BD4361282E0D066A4F9BF003FF3425BBEDEA5E03F4EB193F59D722085"
"results\run_metrics\lobo_v1\test_c-bridge5\augmentation_tta\pointnet_baseline_plus_augmentation_mirror_tta_seed43\history.csv","3399","B5CCD35A94B25EBA835A3AD088B1929A1EEF1CDA72D5E456E3F5C99FE49E9FE5"
"results\run_metrics\lobo_v1\test_c-bridge5\augmentation_tta\pointnet_baseline_plus_augmentation_mirror_tta_seed43\metrics.json","13414","9C3C4406BB0619BF3ED2F582086E486FA3CF4F8B35AE4018672A5FCED00CE5AB"
"results\run_metrics\lobo_v1\test_c-bridge5\augmentation_tta\pointnet_baseline_plus_augmentation_mirror_tta_seed44\history.csv","3383","6B5A4FA5253537BDF6BD2E879451BC1E736D7C5202EBF0D66C04F1A80C1AEC34"
"results\run_metrics\lobo_v1\test_c-bridge5\augmentation_tta\pointnet_baseline_plus_augmentation_mirror_tta_seed44\metrics.json","13390","46F1C1F3F550D51095EA54058654E6A130864A5E8EFA45EA77B087022C9B4BFA"
"results\run_metrics\lobo_v1\test_c-bridge5\augmentation_tta\queue_status.json","4774","D2A5E1DB28E65D2C3D333ADFE4938B102B984BA7518D1C5B0183227DFF3A44F2"
"results\run_metrics\lobo_v1\test_c-bridge5\augmentation_tta\queue_summary.csv","1612","8D442387B7AB76EAFF0A645E0CF52653C2213E2518DD1232264A156C8DF3E61B"
"results\run_metrics\lobo_v1\test_c-bridge5\topology_tta\pointnet_topology_order_mirror_tta_seed42\history.csv","3717","7301A024BB3556C9DE06DF2010E82E16E0860BA5B45BED9E26D5B5B276A4309F"
"results\run_metrics\lobo_v1\test_c-bridge5\topology_tta\pointnet_topology_order_mirror_tta_seed42\metrics.json","13754","E965301196A81C8E61B32A78581ECC280AE16D6046CF188B14586687B6F0EB9B"
"results\run_metrics\lobo_v1\test_c-bridge5\topology_tta\pointnet_topology_order_mirror_tta_seed43\history.csv","3718","8B4A4506785E479601CFBD6EFCA6B8880D04F6F4F780EBC769B4CFAE3EE0B1D9"
"results\run_metrics\lobo_v1\test_c-bridge5\topology_tta\pointnet_topology_order_mirror_tta_seed43\metrics.json","13836","92C9C53A264D5891ADDAC4018DADB921096B6CE0E002D9E4F9938C25EDB9B02A"
"results\run_metrics\lobo_v1\test_c-bridge5\topology_tta\pointnet_topology_order_mirror_tta_seed44\history.csv","3720","464F2E6A445F22856C84096C317CC01654DC359ED5890688DD5F738CF1526C14"
"results\run_metrics\lobo_v1\test_c-bridge5\topology_tta\pointnet_topology_order_mirror_tta_seed44\metrics.json","13821","7A820F720D94FE2BC757CD7FBA13C98DF627115DCDFAA333EDE0EAA01C22D9A7"
"results\run_metrics\lobo_v1\test_c-bridge5\topology_tta\queue_status.json","4610","CD7EF59FAE3987433E260B3E4DD3F65D566A819B0EA0EA1B002D1A09F09CC282"
"results\run_metrics\lobo_v1\test_c-bridge5\topology_tta\queue_summary.csv","1456","616277781EE12A43DA59A8DA7A943704E32106FB4775B973ADF19B49B08618A7"
"results\run_metrics\lobo_v1\test_s-bridge1\augmentation_tta\pointnet_baseline_plus_augmentation_mirror_tta_seed42\history.csv","3473","02EB31A0082ADBB8BD14594F82C9EA5EF6FF3AA16BDD6E49F92D6579546868B5"
"results\run_metrics\lobo_v1\test_s-bridge1\augmentation_tta\pointnet_baseline_plus_augmentation_mirror_tta_seed42\metrics.json","13394","F7AEBBEC2F623549CBC22C4AA257BED6AA82481593DF3679A8E288877F317F69"
"results\run_metrics\lobo_v1\test_s-bridge1\augmentation_tta\pointnet_baseline_plus_augmentation_mirror_tta_seed43\history.csv","3396","AE1785DA04061E98F72BAC1B80FF413EB0ECE8111CDCF0D21A4A3C89A2BABA4A"
"results\run_metrics\lobo_v1\test_s-bridge1\augmentation_tta\pointnet_baseline_plus_augmentation_mirror_tta_seed43\metrics.json","13449","B2BD978B0FF2F28C77E0D2DC187C4C8AC34B4BC18334EC641D6BD60F5CF5BE35"
"results\run_metrics\lobo_v1\test_s-bridge1\augmentation_tta\pointnet_baseline_plus_augmentation_mirror_tta_seed44\history.csv","3463","F82100F5F72C78FB63C1665128C0DF335A1768770A1089CF744579738AFF0892"
"results\run_metrics\lobo_v1\test_s-bridge1\augmentation_tta\pointnet_baseline_plus_augmentation_mirror_tta_seed44\metrics.json","13385","342E80FEBB3CD08B7CC190EB8F1E3807BA6F983E1197B3CE07EE19F2245E49BB"
"results\run_metrics\lobo_v1\test_s-bridge1\augmentation_tta\queue_status.json","4774","89356F5318DDCD947FF40127DF8E447DB105E33BA37F07AC6DE81F8DB00ACC0C"
"results\run_metrics\lobo_v1\test_s-bridge1\augmentation_tta\queue_summary.csv","1612","E26E2A23B0FCB4F893AE42018409CBF5E87E66B1C0ADFC9D3500B09061C39DC8"
"results\run_metrics\lobo_v1\test_s-bridge1\topology_tta\pointnet_topology_order_mirror_tta_seed42\history.csv","3866","D227F388E9FC4B18ECC0766C514B0F93CAFD1758C4F4FF940FF5A8011567F592"
"results\run_metrics\lobo_v1\test_s-bridge1\topology_tta\pointnet_topology_order_mirror_tta_seed42\metrics.json","13869","9C891F1AD0608FE55F0BB07EEA8C74E988A7019A5DF82EA1FC65DE7B90F0A62C"
"results\run_metrics\lobo_v1\test_s-bridge1\topology_tta\pointnet_topology_order_mirror_tta_seed43\history.csv","3777","59DAC5E10BD28913288891604B738836467D176EA82C1EF824E129E247AC9D76"
"results\run_metrics\lobo_v1\test_s-bridge1\topology_tta\pointnet_topology_order_mirror_tta_seed43\metrics.json","13798","4F926E1E07EA582BB57241338971E1A2B6DB72BECFE6C683642799A290CE78A1"
"results\run_metrics\lobo_v1\test_s-bridge1\topology_tta\pointnet_topology_order_mirror_tta_seed44\history.csv","3750","DC641166A81552C922F8753813BDFE44F37A14DFAA50A58C781448BFBE4C0CD1"
"results\run_metrics\lobo_v1\test_s-bridge1\topology_tta\pointnet_topology_order_mirror_tta_seed44\metrics.json","13670","C18AB437FCCCA9A6A9B11201F7DB6632C84A621A0988681A84C84469D9384DDE"
"results\run_metrics\lobo_v1\test_s-bridge1\topology_tta\queue_status.json","4610","22E91D02BCB2E3503E27B222FC414C689B79FF07C68AA2C1C8087CC2F1769C21"
"results\run_metrics\lobo_v1\test_s-bridge1\topology_tta\queue_summary.csv","1456","A38C3A68E503A49784646A7BE884C059DA8DD143B452A673F3414EC039A85D57"
"results\run_metrics\pointnet_queue_geometry_check_v1\pointnet_topology_order_mirror_tta_seed42\history.csv","306","F45C98E47031FAF960D986B73A0158B3D0A6C03DB1B2C31A3EA86A27F321F75F"
"results\run_metrics\pointnet_queue_geometry_check_v1\pointnet_topology_order_mirror_tta_seed42\metrics.json","4189","D8299FA455862D0E6D0A49059E9AA1B5A4DCD23C99994F1C9D5ED01749AA86DC"
"results\run_metrics\pointnet_queue_geometry_check_v1\pointnet_topology_order_mirror_tta_seed43\history.csv","255","245955A4EA7AD167CEB365B073CEAFBF728B75074FAB789D5705020BDC98CD2E"
"results\run_metrics\pointnet_queue_geometry_check_v1\pointnet_topology_order_mirror_tta_seed43\metrics.json","4116","9B10796AE8F59A47AE0D25AFBDBAE47056A2B62D767649E66B7BA995C01C3226"
"results\run_metrics\pointnet_queue_geometry_check_v1\pointnet_topology_order_mirror_tta_seed44\history.csv","294","60533A2B7DB47CD7AE2EBC5FA3FC7BAE693DA406F328E2A67A46599F8FA7E64A"
"results\run_metrics\pointnet_queue_geometry_check_v1\pointnet_topology_order_mirror_tta_seed44\metrics.json","4164","172C47B475BFA21CDFD2109379A9C573665BB7E12D095C758A4EDA1D957267BA"
"results\run_metrics\pointnet_queue_geometry_check_v1\queue_status.json","4765","9ED0C6FBEE41D44D9D104A24F3C571E9C8DED89B59EEC47C7CF1ADC8FA0EDCE1"
"results\run_metrics\pointnet_queue_geometry_check_v1\queue_summary.csv","1491","70C25595B3E83DA1E46B40EE02BB572200033B0F476887759BD3B3A6AFF40789"
"results\run_metrics\pointnetpp_bench_v1\history.csv","300","CE1AD93675F4D3A960BB0264515C8639D0DF7E369CDA52DA7B813FF7DC156156"
"results\run_metrics\pointnetpp_bench_v1\metrics.json","4291","C3B5D1300FC794A0B099F43D06A4C7DD27F55C8A09750D0312BC08F9DE1C24A2"
"results\run_metrics\pointnetpp_pilot_check_v1\baseline\pointnet++_baseline_seed42\history.csv","240","1A81F804E684EF134D3A71BE90B9F8E07BACBE99935091710B2B727DB7A2590D"
"results\run_metrics\pointnetpp_pilot_check_v1\baseline\pointnet++_baseline_seed42\metrics.json","4062","5BAC0A411C628DD0E37ED4F105DF953725012B186BA875D899E8F0FF6878F1B3"
"results\run_metrics\pointnetpp_pilot_check_v1\baseline\pointnet++_baseline_seed43\history.csv","239","213BD7DBA006E2BF9E3351D1C3ACAE343A9FB0238B5742B26F3114D1BAFCD22D"
"results\run_metrics\pointnetpp_pilot_check_v1\baseline\pointnet++_baseline_seed43\metrics.json","4046","133A519F3692311C663BC2246D097259B56A4A7AD7931DF667CEC8AB6AB1B3B1"
"results\run_metrics\pointnetpp_pilot_check_v1\baseline\pointnet++_baseline_seed44\history.csv","287","68DFE531ECFEEBC74898CA4F1E12274A60AEA7CBB48F60691E97C7D4B2A7EBB2"
"results\run_metrics\pointnetpp_pilot_check_v1\baseline\pointnet++_baseline_seed44\metrics.json","4129","44891F1B16904D053306F866648F1AFAFA8069592DD87B1C207CAC2703DE2813"
"results\run_metrics\pointnetpp_pilot_check_v1\baseline\queue_status.json","4453","A209444E588500858212834DE9DDA73F9B66ADACC4BAAADF6960234C4EB6A3E4"
"results\run_metrics\pointnetpp_pilot_check_v1\baseline\queue_summary.csv","1324","FE99B211C5D3416A86C08D20C19FDEF4E59360F05DB8D580245B60C18FDF3055"
"results\run_metrics\pointnetpp_pilot_check_v1\pilot_manifest.json","1367","56575F02B12A354D43C5629547DD676AA16407F4254169FC3AEEEBC15EA5C635"
"results\run_metrics\pointnetpp_pilot_check_v1\pilot_summary.csv","3268","A7780F6A58C5C82121756079B4FA2C8FBDE1F860B589D5E243AC049CBA4DB078"
"results\run_metrics\pointnetpp_pilot_check_v1\topology_mirror_tta\pointnet++_topology_order_mirror_tta_seed42\history.csv","255","9431EB7A767C05E761C4921B0DB632C06A1D799ACFD626C006175453F8EE1227"
"results\run_metrics\pointnetpp_pilot_check_v1\topology_mirror_tta\pointnet++_topology_order_mirror_tta_seed42\metrics.json","4075","FD3818023D56947FC743912C3A778784075F401E515A19F146ADD6332FEEE955"
"results\run_metrics\pointnetpp_pilot_check_v1\topology_mirror_tta\pointnet++_topology_order_mirror_tta_seed43\history.csv","256","4AE78C65733DA06C5B3CD3D451336392B3FC1ACDA8578D1BC6E0D121D66606C6"
"results\run_metrics\pointnetpp_pilot_check_v1\topology_mirror_tta\pointnet++_topology_order_mirror_tta_seed43\metrics.json","4064","9A0E2DAA6F93F5414FA43CFD8CE14B4C34E6A25EA5726B274D2B1FBB8B3AA834"
"results\run_metrics\pointnetpp_pilot_check_v1\topology_mirror_tta\pointnet++_topology_order_mirror_tta_seed44\history.csv","302","73FE8BA45F369190229687ABE4D87A9B5C0F022E1BC3FFDA607744CA2315C458"
"results\run_metrics\pointnetpp_pilot_check_v1\topology_mirror_tta\pointnet++_topology_order_mirror_tta_seed44\metrics.json","4138","82C33B666237EDE63AD88DB0C94B68D9BBBD7901AEE30DCADDE47A3A6C579A33"
"results\run_metrics\pointnetpp_pilot_check_v1\topology_mirror_tta\queue_status.json","4668","3435B997D11B174CA14E163839D8417A6BF5A23AEDD968ACD9CCE1CE4E760D83"
"results\run_metrics\pointnetpp_pilot_check_v1\topology_mirror_tta\queue_summary.csv","1540","C9611B56DAFE826D412BAA73B1C8027CCDDE8A71C2E553E4A86CE8FD09203B59"
"results\run_metrics\pointnetpp_pilot_check_v1\topology\pointnet++_topology_order_seed42\history.csv","255","9431EB7A767C05E761C4921B0DB632C06A1D799ACFD626C006175453F8EE1227"
"results\run_metrics\pointnetpp_pilot_check_v1\topology\pointnet++_topology_order_seed42\metrics.json","4076","D951FE42B94B6B49B528E1E1B35DF2AADF7AC152E84646BCF6E9AF5D39DE3C36"
"results\run_metrics\pointnetpp_pilot_check_v1\topology\pointnet++_topology_order_seed43\history.csv","256","4AE78C65733DA06C5B3CD3D451336392B3FC1ACDA8578D1BC6E0D121D66606C6"
"results\run_metrics\pointnetpp_pilot_check_v1\topology\pointnet++_topology_order_seed43\metrics.json","4063","0EAF3AAC2155D6AD29FB9CD88557EF5417496B016EADE26C9973DB63DEFC3715"
"results\run_metrics\pointnetpp_pilot_check_v1\topology\pointnet++_topology_order_seed44\history.csv","302","73FE8BA45F369190229687ABE4D87A9B5C0F022E1BC3FFDA607744CA2315C458"
"results\run_metrics\pointnetpp_pilot_check_v1\topology\pointnet++_topology_order_seed44\metrics.json","4144","76FCEAD154C556B6A237693A861F49C13B211B814265E67E8B4FB81F9F7FF4F7"
"results\run_metrics\pointnetpp_pilot_check_v1\topology\queue_status.json","4507","834E35C87C9417ED42FEEAF22F90EC7DF8D5EC67E4D54798B64E1AA0B71511E9"
"results\run_metrics\pointnetpp_pilot_check_v1\topology\queue_summary.csv","1378","BC913F8DB1E0908BAA826B0D00532941ED499879116A077D625970E42CB34B5D"
"results\run_metrics\pointnetpp_pilot_v1\baseline\pointnet++_baseline_seed42\history.csv","3639","565D2507A114784BF9C6AD7BE60002B13AC5191A98B6F5D3C26A3582B1150C93"
"results\run_metrics\pointnetpp_pilot_v1\baseline\pointnet++_baseline_seed42\metrics.json","13801","D8F4437E75E22A14F20BBC8EE0F9EC5F629082DA4BD0D6F07FD4115D09666E64"
"results\run_metrics\pointnetpp_pilot_v1\baseline\pointnet++_baseline_seed43\history.csv","3563","0B650B7EAA2D5A93F139BBB00CBE0286B17B93F3F906B0B625A356759F2E3BC1"
"results\run_metrics\pointnetpp_pilot_v1\baseline\pointnet++_baseline_seed43\metrics.json","13715","664206BB4041540DCF25136404501691E3442D8D2038D50BDAFA6693D8A318C4"
"results\run_metrics\pointnetpp_pilot_v1\baseline\pointnet++_baseline_seed44\history.csv","3571","AE94C05450A36AB8A440F32072D8BBA5A8B55A21A6DD7E95B8FC2400FA1D37FF"
"results\run_metrics\pointnetpp_pilot_v1\baseline\pointnet++_baseline_seed44\metrics.json","13723","9A18F1ADCD166FAEA891D7978DD81363CC0F6B8C25DDFB133991FB89AB7CC807"
"results\run_metrics\pointnetpp_pilot_v1\baseline\queue_status.json","4418","32AF99FA8DAD9F6BE9FED2F117B5D89BD5FB2D2C4C74FD39895F9F6CC115DEFB"
"results\run_metrics\pointnetpp_pilot_v1\baseline\queue_summary.csv","1288","0786500DF9C2FB0A9F6DE387FA23152AB235337DDA781568F8C95AAE20BB6C5A"
"results\run_metrics\pointnetpp_pilot_v1\pilot_manifest.json","1339","E0409DFE43DB358C4754DBCDBBCC91EA6DA2B8F34E312A03EF933FF706FE6AAA"
"results\run_metrics\pointnetpp_pilot_v1\pilot_summary.csv","3160","004E9A90D70AB3C497F679F72FD7119543200CC542CE570845BEEB5DE8BA2BDA"
"results\run_metrics\pointnetpp_pilot_v1\topology_mirror_tta\pointnet++_topology_order_mirror_tta_seed42\history.csv","3974","6F5047EFE1CC1CF8420A620AA8043F88B08B610BE5B816A8335DCD0F3EF23DCD"
"results\run_metrics\pointnetpp_pilot_v1\topology_mirror_tta\pointnet++_topology_order_mirror_tta_seed42\metrics.json","14137","EFBF525255B1A01AF99CF57FD52446DCB1EF1BBAF8DFA1035FAE67AB61B7032A"
"results\run_metrics\pointnetpp_pilot_v1\topology_mirror_tta\pointnet++_topology_order_mirror_tta_seed43\history.csv","4006","F5838278DAF081EBE5D2BD3D738E1C946B1A60B9EF1E452DA15DA18746BBC5F7"
"results\run_metrics\pointnetpp_pilot_v1\topology_mirror_tta\pointnet++_topology_order_mirror_tta_seed43\metrics.json","14146","44F8667D08DF9BB4A84DC7522EC705AC039210931C08616953B56582B8761AF3"
"results\run_metrics\pointnetpp_pilot_v1\topology_mirror_tta\pointnet++_topology_order_mirror_tta_seed44\history.csv","3903","7141E331723B9F840C2F3020E02FAAE292C907BA8368CDB345874E6F271FB537"
"results\run_metrics\pointnetpp_pilot_v1\topology_mirror_tta\pointnet++_topology_order_mirror_tta_seed44\metrics.json","14051","365ABAEB8020CA4DCD53A4489FADC9746F928808863792D43833CB6F4FF0231B"
"results\run_metrics\pointnetpp_pilot_v1\topology_mirror_tta\queue_status.json","4633","97F105539C38341FC9D64A20F16805FD329FBEA76AFEF2176AFDA23096CAF3E4"
"results\run_metrics\pointnetpp_pilot_v1\topology_mirror_tta\queue_summary.csv","1504","C619BB0371EC2F129361224BC2B2ADE572F6A18E684F8AE8D0DE3E40A5449752"
"results\run_metrics\pointnetpp_pilot_v1\topology\pointnet++_topology_order_seed42\history.csv","3974","6F5047EFE1CC1CF8420A620AA8043F88B08B610BE5B816A8335DCD0F3EF23DCD"
"results\run_metrics\pointnetpp_pilot_v1\topology\pointnet++_topology_order_seed42\metrics.json","14138","D73341D5A013219BC6AFAA70A6F788213406DA36A7A5661A4818C686CE0E05B3"
"results\run_metrics\pointnetpp_pilot_v1\topology\pointnet++_topology_order_seed43\history.csv","4006","F5838278DAF081EBE5D2BD3D738E1C946B1A60B9EF1E452DA15DA18746BBC5F7"
"results\run_metrics\pointnetpp_pilot_v1\topology\pointnet++_topology_order_seed43\metrics.json","14149","8CEDEFE13728839930EF791AE2DC544186E1B443D7BF4E9698821FF881747D6C"
"results\run_metrics\pointnetpp_pilot_v1\topology\pointnet++_topology_order_seed44\history.csv","3903","7141E331723B9F840C2F3020E02FAAE292C907BA8368CDB345874E6F271FB537"
"results\run_metrics\pointnetpp_pilot_v1\topology\pointnet++_topology_order_seed44\metrics.json","14058","C6272986263E238BA3F0DECFC836C3FB9920770F3E526EBC844D2162D7705514"
"results\run_metrics\pointnetpp_pilot_v1\topology\queue_status.json","4472","719BA098D37D428B6293041DEEDD97B9D55C3517E095415574316B98606CD8C4"
"results\run_metrics\pointnetpp_pilot_v1\topology\queue_summary.csv","1342","748504CC68BD6409480D444A39E110E2DFC5483CA62BABD46B1D6F2B00825820"
"results\run_metrics\pointnetpp_queue_check_v1\pointnet++_topology_order_mirror_tta_seed42\history.csv","255","9431EB7A767C05E761C4921B0DB632C06A1D799ACFD626C006175453F8EE1227"
"results\run_metrics\pointnetpp_queue_check_v1\pointnet++_topology_order_mirror_tta_seed42\metrics.json","4075","FD3818023D56947FC743912C3A778784075F401E515A19F146ADD6332FEEE955"
"results\run_metrics\pointnetpp_queue_check_v1\pointnet++_topology_order_mirror_tta_seed43\history.csv","256","4AE78C65733DA06C5B3CD3D451336392B3FC1ACDA8578D1BC6E0D121D66606C6"
"results\run_metrics\pointnetpp_queue_check_v1\pointnet++_topology_order_mirror_tta_seed43\metrics.json","4064","9A0E2DAA6F93F5414FA43CFD8CE14B4C34E6A25EA5726B274D2B1FBB8B3AA834"
"results\run_metrics\pointnetpp_queue_check_v1\pointnet++_topology_order_mirror_tta_seed44\history.csv","302","73FE8BA45F369190229687ABE4D87A9B5C0F022E1BC3FFDA607744CA2315C458"
"results\run_metrics\pointnetpp_queue_check_v1\pointnet++_topology_order_mirror_tta_seed44\metrics.json","4138","DBF8B36DFA020C85F1FE9F9FF9F9B7C81F8C1D9AE1A15C6CC9E4327B5DAEEA58"
"results\run_metrics\pointnetpp_queue_check_v1\queue_status.json","4542","1C26C7481711661000B44E8BB5FDCAB23B3FE0457463C1E9D7A87A9B1085AC67"
"results\run_metrics\pointnetpp_queue_check_v1\queue_summary.csv","1420","6D09C892B958E5ACEB506304CE7D10870CFBBCDE3E2AEBC91CF0BFBF0D568055"
"results\run_metrics\pointnetpp_smoke_v1\history.csv","306","5871C30F820F8B7ED17EAEEE9CE533A99140EC383E73207324EFB2FED4EC263E"
"results\run_metrics\pointnetpp_smoke_v1\metrics.json","3031","2BC887E8898B25FA0A2638F0C4EF1748046253C608D74B091D899DE1178A69DA"
"results\run_metrics\pointnetpp_tta_smoke_v1\history.csv","306","5871C30F820F8B7ED17EAEEE9CE533A99140EC383E73207324EFB2FED4EC263E"
"results\run_metrics\pointnetpp_tta_smoke_v1\metrics.json","3059","FA8841070896DD5E17C78F6492AADEE5B41BA17C59EFCA9BDC9BC26318136E30"
"results\run_metrics\projection_geom_192_5view_unet_seed42\history.csv","13791","2C1327B2EBD964CD002B1A47C0DFD9C91C85E0222D64DD91A732986C992EE4FF"
"results\run_metrics\projection_geom_192_5view_unet_seed42\metrics.json","29775","10D7C4BD2C69BF71591801F7EE032A3AB54B6058482B544DF8221C00C24E426E"
"results\run_metrics\projection_geom_384_radius0_unet_seed42\history.csv","13812","C635201D8F44039E98D683EE283278045D4B05C5BB71389D8CBC50DBFE95989B"
"results\run_metrics\projection_geom_384_radius0_unet_seed42\metrics.json","29811","517F896D12CB89D0334D58BA46D7415CB8EC9C65E7A7DF91F959602EB02971AD"
"results\run_metrics\projection_geom_384_unet_seed42\history.csv","13824","8D8F1A3F224B21F70D1C1AACB2B6FDA78BCF72E7A31F6B06CFD73F85B1E67574"
"results\run_metrics\projection_geom_384_unet_seed42\metrics.json","29816","0C043143A6AA44D66BA61744CEC9553CE9AD8AA7250E194C393BBAF89CFF6AA0"
"results\run_metrics\projection_geom_512_aligned_unet_seed42\history.csv","15275","59D6940AB5DE6D4C3AAF85A87809B5751E5482007124CF3E9B9E70861C969A71"
"results\run_metrics\projection_geom_512_aligned_unet_seed42\metrics.json","33621","ADCE57C6C203F35046ABD10BDD8AC462846AA803C13D21AD5FBE79B9AC77FDC0"
"results\run_metrics\projection_geom_512_aligned_unet_seed43\history.csv","15297","B94BD5C89129FFF74AADFBB86EB213DF47F2977B2E552B6BB1546FECAF3F7027"
"results\run_metrics\projection_geom_512_aligned_unet_seed43\metrics.json","33641","4DE6EEA44BE7F4B6CD7A16516FD19930CEBD562AF9F0C2E5D2E15F1146F819C7"
"results\run_metrics\projection_geom_512_aligned_unet_seed44\history.csv","15284","CDACD555BC2611BC5EB9F44A62F392630AEE4C138BE12D8E5F41E3002769021D"
"results\run_metrics\projection_geom_512_aligned_unet_seed44\metrics.json","33630","13B604B4FAFC215DA4B1C96D7799EF278FC1A26272864A202DE616556E88019A"
"results\run_metrics\projection_geom_512_aligned_unet_w01_seed42\history.csv","15265","8538711AB26E29319A314EA08CC93CCAA5CAD9D104B62690518D917989B97DEE"
"results\run_metrics\projection_geom_512_aligned_unet_w01_seed42\metrics.json","33610","2A1F92CB560630F5D98AB47F2FC35EB3D53F354F7CC56E0F2D79A68558D21859"
"results\run_metrics\projection_geom_512_aligned_unet_w10_seed42\history.csv","15290","FE1BCBAD2E2AB34F0299663A0D26AEC5DEDD63C10BC7D7FEC86A5DA603ED5F84"
"results\run_metrics\projection_geom_512_aligned_unet_w10_seed42\metrics.json","33636","71B69F2B148DF30B80C5D2D583F0878DD51CE9E0DF4833F08A71BD2C2D35DE8A"
"results\run_metrics\projection_geom_512_radius0_unet_seed42\history.csv","13783","D7E834B4535A751284F3297CF8E30AE5CC4E5AFD441FC8E043305CE5479C25F7"
"results\run_metrics\projection_geom_512_radius0_unet_seed42\metrics.json","29781","ABF5B09D7C95D8E8A320D7204BE6B73FFA5F9E5BFC5560FF1B652F4E732E4B1F"
"results\run_metrics\projection_geom_512_radius0_unet_seed43\history.csv","13817","3FE52AB008A22097033F7BBA989B314087A61E7724A259F55A2D8E826C989030"
"results\run_metrics\projection_geom_512_radius0_unet_seed43\metrics.json","29817","BB2F5CA09F2155F50FD583B6D211ABA0470016FFC8391452CF18F97132ABE581"
"results\run_metrics\projection_geom_512_radius0_unet_seed44\history.csv","13816","5262C3E3D7C25B1C2136ADEA45961935E66345FC6BFE68F8F4885850DAEA8064"
"results\run_metrics\projection_geom_512_radius0_unet_seed44\metrics.json","29815","38DA001E33EC9F0401AF3DF04012A7BE3C650183474A6F098EC4983C6F949A0F"
"results\run_metrics\projection_geom_512_smoke\history.csv","234","6821AC25B416AE57F157157CC9786E9BBC3FF810BE79204FE742AA5C2E7F8AF5"
"results\run_metrics\projection_geom_512_smoke\metrics.json","1379","C995CDE0F88E0282B0A4666E0D27E146A21F6486286AB317894BCE35A31612F5"
"results\run_metrics\projection_geom_unet_seed42\history.csv","20720","1F9A494E205925BD5C530FF5F67413B7C58640E6C45AE81A220D8C9650445232"
"results\run_metrics\projection_geom_unet_seed42\metrics.json","44224","62D333919CA541A35358825F53951DA13B0E6BA81150A110FC845BDDA5C3ECCA"
"results\run_metrics\projection_unet_seed42\history.csv","6725","8030A280DC33A47E3F9FBD0C755033AF344605929B1B793AC0451CA4A32BCA14"
"results\run_metrics\projection_unet_seed42\metrics.json","15030","2D4CC1FCB3E734C8292A8E3951B7DB777A753F9B7A9BB15728F64E5713283584"
"results\run_metrics\seg_tuning_ohem_e60_seed42\history.csv","10755","83CC94748A1C663DA1D27891F75D03BE9B3D10CCABA042AAA6433C286BF1861F"
"results\run_metrics\seg_tuning_ohem_e60_seed42\metrics.json","33799","718B5195F65DC281B8B672A4B77314C6008D3DA096DF391475525C8E21C2F399"
"results\run_metrics\seg_tuning_ohem_e60_seed43\history.csv","10799","96A0867BFA8512FCF96513F14DB84831717A6CCCB17E5D6606F060B1FD87449A"
"results\run_metrics\seg_tuning_ohem_e60_seed43\metrics.json","33795","2C006C385D58E382133D7085BB2863A6B62E1E7CEDA2B3CE74829390C5946C3F"
"results\run_metrics\seg_tuning_ohem_e60_seed44\history.csv","10336","635BFF577ED6DE7955903D6C224FE8E0E2A7ABD3E4F1FC7A22E10F00BDF20902"
"results\run_metrics\seg_tuning_ohem_e60_seed44\metrics.json","33270","FB74A51C9B8558F52DC82651A2195C14963C652154E0B97888D0A0EAE5022517"
"results\run_metrics\seg_tuning_ohem_seed42\history.csv","3672","4C0D72203B7239BF0BA9088523CF6C1EDA7DB9D77746E042EF969D435031339C"
"results\run_metrics\seg_tuning_ohem_seed42\metrics.json","13989","C490073AD695F260013859582281C2067ADC4975A0A7B097302B806A91C0D5D9"
"results\run_metrics\seg_tuning_ohem_topo1_seed42\history.csv","3606","294828794D103FCEDDB1E1B94C5260E7DE7E8BE653EB43FC56E74E1E7DBF5A54"
"results\run_metrics\seg_tuning_ohem_topo1_seed42\metrics.json","13951","59AB1F31ECEF19D10B0EABC86338C578D09F57EB0DC33F1E4F815ABD992B3134"
"results\run_metrics\seg_tuning_ohem100_seed42\history.csv","3705","F326D95E5BB09323216CC5BBF9EAC19793DBC43B13C266A8B5E79785728DFB72"
"results\run_metrics\seg_tuning_ohem100_seed42\metrics.json","13912","32161D507D004EDD85227CFD1CF5C6810955E865A92BB46DF1E002389837C5AC"
"results\run_metrics\seg_tuning_ppb2048_seed42\history.csv","3776","237665B4989CFF1039C893D1952018DFF0F16971FF8025DD581C5A339D5C541A"
"results\run_metrics\seg_tuning_ppb2048_seed42\metrics.json","14088","8DA50D877BA30E09C31C87D1C29883209E37C19D985B918955F8401896A43E07"
"results\run_metrics\seg_tuning_topo05_e60_seed42\history.csv","10911","7F8B6860DC7D5E1C896D7344E8EF5852B2ED8FE04A5ECDA43A5D3E606069A237"
"results\run_metrics\seg_tuning_topo05_e60_seed42\metrics.json","33944","1E61CA36A741AD6CCC2A137A8DCA9E44423A378F985DB6B08E9AB908FE80ACE2"
"results\run_metrics\seg_tuning_topo05_e60_seed43\history.csv","10723","707D63AA4065D43134D3AD453287412ED3FDA12B9731460C68207B4E2DD88553"
"results\run_metrics\seg_tuning_topo05_e60_seed43\metrics.json","33650","302AAF998D8C1B16C4B708780DDFD112191A8DDDFB1157BE0AA2978A8F402A18"
"results\run_metrics\seg_tuning_topo05_e60_seed44\history.csv","11108","BA24797BE4275E9899CDDDE891E9EF6D2EFC2205991C3E43FAC8F69D32E60EA2"
"results\run_metrics\seg_tuning_topo05_e60_seed44\metrics.json","34150","D8CD587458F61B29D008B5BF0EBF6B54E80629C39F51AB3FC485F89264DA781F"
"results\run_metrics\seg_tuning_topo05_seed42_ctrl\history.csv","3766","E62BC8226188E6A17E51F98CD3EC611A04AD291BCBFE8277DD55D596CA75989B"
"results\run_metrics\seg_tuning_topo05_seed42_ctrl\metrics.json","14079","657B1DDC24A35209C176035C53895B2D1270DC0AB3B71D664AFCB30C4C897FFB"
"results\run_metrics\seg_tuning_topo05_seed42\history.csv","3766","E62BC8226188E6A17E51F98CD3EC611A04AD291BCBFE8277DD55D596CA75989B"
"results\run_metrics\seg_tuning_topo05_seed42\metrics.json","14026","1F7D244B4F5EA3C542DC51A8CA8A1AA76725B80A4B41D668754AAB4E1E315BD7"
"results\run_metrics\semanticbridge_baseline_seed42\history.csv","3276","2B4B227B8335308986FFC0C311CF48497F868B447838B5DC46335EACCFC21319"
"results\run_metrics\semanticbridge_baseline_seed42\metrics.json","13366","B7C30E0BF32151E1534740F6BA7F9AF19D06BBC1F6D248CEA09A6BA7E48D8348"
"results\run_metrics\semanticbridge_baseline_seed43\history.csv","3498","97F4BC18E3CBBF3B06CE60EB0F8A486D8B3C898139F624299367E3A0313DD4E1"
"results\run_metrics\semanticbridge_baseline_seed43\metrics.json","13839","CC7FDDA3CF390A614C9D633F2FF9E468B70EFF6AB1E53A142BA5B875D3D39E47"
"results\run_metrics\semanticbridge_baseline_seed44\history.csv","3334","961D91DC398B001B48B2D66F72759E0F61F5E5BFAEE6861455B9C0D1C9CF3AE5"
"results\run_metrics\semanticbridge_baseline_seed44\metrics.json","13458","CDD4E3DF43D9588D2210085EDA7DBF38126804668E01BF1547F8D20831B1E83C"
"results\run_metrics\semanticbridge_projection_aligned_unet_seed42\history.csv","15295","0EA4253021D3088B77528475542671B3A5FF78ACC24B326EE87483D8DA6F0563"
"results\run_metrics\semanticbridge_projection_aligned_unet_seed42\metrics.json","33629","38CB738811FB1851769CF442F3BB5063AB72C72670248B06AF10A51426053F8B"
"results\run_metrics\semanticbridge_projection_aligned_unet_seed43\history.csv","15297","42BF4E3A379953035927666A5B95280B424F7710CAC83ADDB540BA621170D800"
"results\run_metrics\semanticbridge_projection_aligned_unet_seed43\metrics.json","33633","A54D07A2F91C0345140343719BD9B0EBA28997C4F79903B369EF9E68C8D93C3E"
"results\run_metrics\semanticbridge_projection_aligned_unet_seed44\history.csv","15324","478E17BB5840E6D212AAA59A8E606120EC2496213536E74D7B73434C548351FA"
"results\run_metrics\semanticbridge_projection_aligned_unet_seed44\metrics.json","33659","2A623603DC8296CCFAA9FE00DFD21B382524193F75421F4488E11C85FADD5364"
"results\run_metrics\semanticbridge_projection_unet_seed42\history.csv","13835","250B409FE85409A02F8088E92BE215D3BF4FFC92C6C70DBDB1826F71BB43B84B"
"results\run_metrics\semanticbridge_projection_unet_seed42\metrics.json","29820","F8684A85163153F3BE10E9AA3C16337A79CC5B6D5475402EA1941BAE5066D74F"
"results\run_metrics\semanticbridge_projection_unet_seed43\history.csv","13837","29855BD36BF429D91BBFCB99922F04D71967279F05E2FF17CDBF8E0D4D181FDD"
"results\run_metrics\semanticbridge_projection_unet_seed43\metrics.json","29826","BDFE52AD56640F0D0EA426F65C778F5E8A8673447C23BCFEA44C248B8C3C9E54"
"results\run_metrics\semanticbridge_projection_unet_seed44\history.csv","13832","F4DD661F9792F6DA0A84EBCDDFF6E7DF57DBB6C56B0396D70B1AB4959593F7DF"
"results\run_metrics\semanticbridge_projection_unet_seed44\metrics.json","29819","894491404CAE62AEFF33FD1EB57EF9D684E972B1581A95C68C9E763465A580FD"
"results\run_metrics\semanticbridge_topology_seed42\history.csv","3749","D07FA087415C09DCDB57D4A2B388491112733C92C2278CC2D196AE9A82FA3FE3"
"results\run_metrics\semanticbridge_topology_seed42\metrics.json","13801","09DB2F1946D723119F528338ACA36FDBDF46B15972CBB63FEA17471AEC8ECE6F"
"results\run_metrics\symmetry_gated_smoke_v1\history.csv","291","ECC44816647ADADE05FAD1ECC30DD3D3AC550AA2EEDBB4BB1AAFA9208C11DE0E"
"results\run_metrics\symmetry_gated_smoke_v1\metrics.json","3003","BBD0CEDD9D662639537989967148844BEA71AA508A95757D961A60CE758B36E5"
"results\run_metrics\symmetry_label_efficiency\full\metrics.json","6433","833530B7FCA283385DBAC56AE65ECC707ADD0B3BCB94665CF6871589416D6D61"
"results\run_metrics\symmetry_label_efficiency\half_sym005\metrics.json","6550","08AEA9CE5EA532682DD27FEA788F9B11F6E0E35B9229F8D096D2DF75EE0842F8"
"results\run_metrics\symmetry_label_efficiency\half_sym010\metrics.json","6395","68173CC94785F92A7E8290A5634B8BDD40ADD61F7423D6B34AD97DFAE110B561"
"results\run_metrics\symmetry_label_efficiency\half\metrics.json","6490","EC77618116E01FC1FF8EEB95369C93B094F808EF1045080701C2FE9098645D21"
"results\run_metrics\symmetry_label_efficiency\summary.json","31344","F1E56E430CBE25994C85A413EEF9F7DFCDF82F93AF8EDAF2BF9CCDB429CD0D82"
"results\run_metrics\symmetry_smoke_v2\history.csv","304","BD16B9BE04298ADA08A2E67C836BC088D3E6B7735576FB404385F9B3343ABE48"
"results\run_metrics\symmetry_smoke_v2\metrics.json","3040","E10477DC86666AF9B3B9398B624C2AB64AB8E376716D2E1F902E6CE62C6B91E7"
"results\run_metrics\topology_augmentation_v1\queue_status.json","3041","7E6A90A8C01BD4E918D84C112BA570558B030C88ACFDFF0E859889296A60F133"
"results\run_metrics\topology_augmentation_v1\queue_summary.csv","1265","BF21DF9C187F1B89D96E483F4EAF5FCC8AA562FFF3BD4A0334F1F96A326757D8"
"results\run_metrics\topology_augmentation_v1\topology_order_plus_augmentation_seed42\history.csv","3856","FDF842E29E6FFF2D5C3E98D5C4B6F57E3C693FA576BF17249735B3114599AE5D"
"results\run_metrics\topology_augmentation_v1\topology_order_plus_augmentation_seed42\metrics.json","13908","0B19807A089929BDBBC99AE35FE955F6233F83DDE47F847FFA9B8E403B425CC2"
"results\run_metrics\topology_augmentation_v1\topology_order_plus_augmentation_seed43\history.csv","3733","8F88BC01120B2832EB5E9CBFB5D5CD253ABBEB73E5EF92D2B38CF0F496C85BF7"
"results\run_metrics\topology_augmentation_v1\topology_order_plus_augmentation_seed43\metrics.json","13776","3B826F9180979A1605E4434FB818E055096DBBE52D59ED2926D935C4504C2D30"
"results\run_metrics\topology_augmentation_v1\topology_order_plus_augmentation_seed44\history.csv","3871","EC825C91E88A312C438525F063BE84EE79877CFFA4A93E1BF01C8B90E0CB924B"
"results\run_metrics\topology_augmentation_v1\topology_order_plus_augmentation_seed44\metrics.json","13926","E22B390D5E6F9EA4AF1D836A1332332FDB6322CC461B8DDE2B0CE9861231297C"
"results\run_metrics\topology_pilot_seed42\history.csv","3760","51718450E85E64241E442F7BBC39F395D98C9AF45B3E4BD3A41888BE5E80F76B"
"results\run_metrics\topology_pilot_seed42\metrics.json","13794","10D9424208D3D3976DF3C68A1382C73A392A97E9006B91F4EC010FC7A3669033"
"results\run_metrics\topology_v1\queue_status.json","2520","4341EB087599515DDBA553ABB7F2E543186DADEC852B69F6019A4B34EA610A5F"
"results\run_metrics\topology_v1\queue_summary.csv","1032","A205FD3017FB788D80F0EB8F9C7F97CC1458A76EB7B9AEFC07DAC8480359A9C5"
"results\run_metrics\topology_v1\topology_order_balanced_focal_seed42\history.csv","3760","51718450E85E64241E442F7BBC39F395D98C9AF45B3E4BD3A41888BE5E80F76B"
"results\run_metrics\topology_v1\topology_order_balanced_focal_seed42\metrics.json","13794","10D9424208D3D3976DF3C68A1382C73A392A97E9006B91F4EC010FC7A3669033"
"results\run_metrics\topology_v1\topology_order_balanced_focal_seed43\history.csv","3745","8B70A2F9FE42BA652850C8463C9BEC10ABF4D07AEB25A7277F61266864797BD5"
"results\run_metrics\topology_v1\topology_order_balanced_focal_seed43\metrics.json","13772","2F178F2F0E68193AC47FFF5C6E671CE0E9AFA71DBEEA42B74C71F5FB2283A463"
"results\run_metrics\topology_v1\topology_order_balanced_focal_seed44\history.csv","3898","3362567B56D6834E4AFD337F53809451601A223C36F4FE09806A799BD01227BF"
"results\run_metrics\topology_v1\topology_order_balanced_focal_seed44\metrics.json","13957","21089B8816319481F0CC593E697CFE382E4CE08C939584007F40865ACCC75D9A"
"results\run_metrics\topology_visibility_v1\queue_status.json","3216","45C931C4FB13F0D941DD88A65C9938E05B6EB20389633BB22C659F430C0E01A9"
"results\run_metrics\topology_visibility_v1\queue_summary.csv","1309","4BB61828A809AB59429437A2ADC681771F6262115193731FDF95FBA1C24FE51C"
"results\run_metrics\topology_visibility_v1\topology_order_plus_augmentation_seed42\history.csv","3473","560D44573AF37747EEEF4A497CDDF3C3B3EF4F79A9A0B519B40037DEF689229D"
"results\run_metrics\topology_visibility_v1\topology_order_plus_augmentation_seed42\metrics.json","13453","AF57738F739FB81321ED22E9A975D6650508EE638463E9B39E0F288A96CB5728"
"results\run_metrics\topology_visibility_v1\topology_order_plus_augmentation_seed43\history.csv","3442","94E70C03BDD74BDCE04486AEC781089CA95FC56D758993A14FDA6651B48156DE"
"results\run_metrics\topology_visibility_v1\topology_order_plus_augmentation_seed43\metrics.json","13418","86709FAEEB9A843330B605E186D265D4814C9601620F07B0E7C6CED5C4544D88"
"results\run_metrics\topology_visibility_v1\topology_order_plus_augmentation_seed44\history.csv","3421","EC0B408C559EC2520AA09B660697348D0920930716487A73BC0BA7F17EFD3631"
"results\run_metrics\topology_visibility_v1\topology_order_plus_augmentation_seed44\metrics.json","13406","5487916FCF2B315BD47DB81DE8E94EE7CC60EBB7681DF1926F48F94BEB9D19C9"
"scripts\analyze_block_statistics.py","8681","B92E6F9B048945BC5EFB1DEE69A8350627711BDD66C88CA482DDA137B58A10D6"
"scripts\analyze_pointnetpp_pilot.py","11373","BA7599F6C57328E741F4DBE262BD46A4F1FA0932FB08D9FFE2D410136F04ECAF"
"scripts\brpcd\audit_brpcd.py","3572","994764C2BD44D1F4EC1AF87F5A9FEBD65E13F477BD7274EA967777228957B0EF"
"scripts\brpcd\build_coverage_penalty_table.py","5779","D8467B7CC8E533613406A0FC6798D819C2A2D24A7CE73FD56B72BA7D8CD1C51A"
"scripts\brpcd\build_geometry_projection_dataset.py","8823","64526B183A8E52CEC026B2495E8689CCC3C80B48E8CE643563AB92C7883FE823"
"scripts\brpcd\build_geometry_projection_v3.py","11117","3DD7F5A4C0E48AD16B1EBF3D8A8EDDECE8B1B1CA5D9147FA254A78CF7D267E85"
"scripts\brpcd\build_main_table.py","23145","18722C5C555147237949F2EF83907D8339AF9B9BCAB1B8223AF5146B8BF31A33"
"scripts\brpcd\build_multiview_geometry_dataset.py","13356","B14D8B0F73A3C516EDA27FBEFFA89B2ADD6E9D7CED0A0A95934DBEAC29E4E64A"
"scripts\brpcd\build_semanticbridge_external_table.py","6499","0FE2D247C88795D45DC3913BB07B8AEE4ABE4E909A817C787AE7A3D411027E6E"
"scripts\brpcd\compare_fusion_results.py","2995","CF363D83B0AED36B05FBB3ECED4C39A514815A1A8C734732DD9885AB075B73E6"
"scripts\brpcd\evaluate_coverage_penalty.py","7556","55ABC9048195CCBF1A9E3CC862A73FCB6B5FAACD967189162C68E3C69D6899E7"
"scripts\brpcd\evaluate_geometry_2d3d_fusion.py","24066","153E44D9AF1CFB585E3C06D4D7C6913A5C429AC6D3F82A7D38BEE7AF27A01D88"
"scripts\brpcd\export_block_statistics.py","11732","75459222B0EBE191DB289127FC70A0B0F887CC27E80B624F7986D1164FFE67DE"
"scripts\brpcd\export_fig5_cases.py","21632","991B23BDBE4451D549676F83DDA547CF283B5ED400BE1F58E5D6C9FBA3610943"
"scripts\brpcd\extract_3d_prior.py","3665","81319E6A5C4C5C0CD68E0EBE6FEF70A3EC58502FFCB21D5F0112F388DFDC1F97"
"scripts\brpcd\fetch_reference_metadata.py","4639","B63CF848CDFFAFC2F9C87F25E99BECB3CD6F79AE8CACCCCF1B4786DF7609D66C"
"scripts\brpcd\plot_fig1_and_fig3.py","7515","45789FBBCE5A76F0A5E516F2F05B1E4B67E5159CD6A1A00349B1D0C8795DF209"
"scripts\brpcd\plot_fig5_cases.py","13092","AC9DFB76EDB0832D0D693D140A52C8954276FB7C89CFB7BBB67DBBD36002B963"
"scripts\brpcd\plot_main_and_external_figures.py","4825","B76BD63476A51FF8AAAAC73B7ABF5352BD0367E06B3E22DEDFCF2C0577BCFAA2"
"scripts\brpcd\prepare_brpcd.py","5799","088834E49A809B56DDEED5C909E6C2CFA53B7E0D0B37FEA43B91F246159E381A"
"scripts\brpcd\render_projection_preview.py","1806","8891187A87E4CB1062D6815D65D21AEDA8719CF7289B84F7C4EC9E7F44172116"
"scripts\brpcd\run_semanticbridge_external.py","5442","E2F9AB9813FAFDC1E17777B3F0CF786EEC7DD028832D6391DFD765807094E819"
"scripts\brpcd\train_bridgenetv2_baseline.py","15803","E30FC5F0E1262FA358AF0855BE98A7B1653FF807F3E81AA14AF169E80D6C53FE"
"scripts\brpcd\train_pointnet_baseline.py","13692","411F462F52CA53FB665AC30B35488F0F4812574B57480B7D2CFE3973A8D72703"
"scripts\brpcd\train_projection_unet_aligned.py","13439","232C23E4AECA3817E2AB1697D7DA2F05F3CED02BA7C3ECCC6928C54F96504145"
"scripts\brpcd\train_projection_unet_geometry.py","9674","3355C3ABEEF25767EB3689DFD6085B5065410E7A7057E99D925906D4E5492FB3"
"scripts\brpcd\train_projection_unet.py","7750","9A1A7D918CF295F29D16BC1C7963505B60E6E6239767A0ECACFE9D8B3DFA0A72"
"scripts\semanticbridge\prepare_semanticbridge.py","6168","1B3DDBCDD019781FABB87D6E973B3E7ECA250FE07085CE3BC16B081E21B33D8F"
"src\bridge_seg\__init__.py","147","A4EBB3E860EAD2EF9EE31CC0EED52908F2CF87BD0162A6D70656404446518F0F"
"src\bridge_seg\__main__.py","48","935A1C1166B0C1EA35A82256345000BF2C73DED718D77773BC27A71ECCE28F7D"
"src\bridge_seg\classes.py","980","65DF6B306FB3DFF1F8B2DABDCC7201ECE8D3E80FB67F061FB89D7BE1398D07CB"
"src\bridge_seg\cli.py","7590","84A01268701ADFBD94CE5D55DD8123D572E068BD09B04DFEE2BC5D6D4D5D9EAF"
"src\bridge_seg\data.py","9535","84FDF4122F7E6E7D0A423E61C11CC3033E2F83FB680CA8C257DAFC1698CDC653"
"src\bridge_seg\dataset.py","6740","5CCAEC82F07AF5885253CEADB9C89095C5DDA7DA02E913C53D89287FE0A34363"
"src\bridge_seg\losses.py","9361","7FC21AE4A14DC9A697A81C509677C650F7057884A5BDA7C8DAD763967B5CD894"
"src\bridge_seg\metrics.py","2426","9876A52BDBAF0C5356954F9356D82F72DB6C9CED79DF955F3617125425B8D76E"
"src\bridge_seg\models.py","10254","FE1CE28403E37959962EFE80D3073FD01016335FBB640AC0BC1A8F43AFDD2D66"
"src\bridge_seg\occlusion.py","4161","50BF129672A3095C93C06F26F749DD85399782191E5FC8CA8562FC345D59B38B"
"src\bridge_seg\periodicity.py","5390","A571F8CD77E289D11AE5A561C24A0866F5221A991C21124354B3882C2A56814B"
"src\bridge_seg\projection.py","4841","44FDE2414F3018F48AA7FD41090D89AEEE08EF3725F914E7C3497B4795C20FF1"
"src\bridge_seg\smoke.py","1828","EBA81B28D7A9837FFDD40B72D2BB37969A36BF35EC8D92C2F96D2A1F7F97700E"
"src\bridge_seg\symmetry.py","6096","06843DB5204F077C6B73D5131F2F776E4F51E3D6BD3F1DA452000284D59B27DE"
"src\bridge_seg\train.py","21084","7B899FBA904955ACD09AA4F147BD19D7F66F4C997529FD5C825ED42ACEB027BC"
"tests\__init__.py","51","CAD36F1A5FFD2C44F5711BD9AD48E397D96739E58E51B7BC9A6E9D12FDAE63A7"
"tests\test_classes.py","616","A0D796256D026A36DBDEC9B1169272BB3822B0F4391832C4DD405A9A9BC3E084"
"tests\test_cli.py","447","6FDE47C79429C3315A988FCE8C3227B49642DCEC1500FE1317D1F0F85D3F0A85"
"tests\test_cross_side.py","933","FDF8E0C3F350F49760D35D617A8621F16E5C052CE0A3358C1E9A665997C89D56"
"tests\test_data.py","2092","6297F79BF052332F7F61B2ED0479EF7E19FFC80EB55B3F67EB79AA7CC0709138"
"tests\test_dataset.py","1391","5FEBE35E8099EFE544638F75277627F57D19456A54DFEE75D88C65D9167D07D7"
"tests\test_external_baseline_adapter.py","1838","632276EC35894052B56A8636E160033D8D5DED8555B9E56B15028CC8BECB6229"
"tests\test_losses.py","4955","974F07AF1F1221FF888F9858239206D593F2D9444544EB10E26D42231020F5A6"
"tests\test_metrics.py","694","C61F0E70D958F111906BA11B16BE8D12C8F3541762FFB0728DCB80CDA58BA101"
"tests\test_occlusion.py","1150","EEAC5690395C76B3D2EC7E0C1C2F7FFD686264FF81BE62642706BAF44441D938"
"tests\test_periodicity.py","1738","F5E843054C64224AEAD8A34FC9E1BAB09923309740D6C45B9AB8B7C8E6BA62B2"
"tests\test_symmetry_quality.py","1086","ACE4F177B79B9AE8472B9CBBD139870BD9D0DACDF02746D260A0692817753756"
"tests\test_symmetry.py","1664","B7E0F7233E475B76B9C0BDAB33D7633E6A7141DF2F30F7D570A56C381E51CC67"
"tests\test_train.py","6187","751EE3F1987A1E71BC90E891DB3ED1B0C4C55306B3F340A2F15A8A0B71BE2618"
